[{"fields": {"model": "logentry", "name": "log entry", "app_label": "admin"}, "model": "contenttypes.contenttype", "pk": 1}, {"fields": {"model": "permission", "name": "permission", "app_label": "auth"}, "model": "contenttypes.contenttype", "pk": 2}, {"fields": {"model": "group", "name": "group", "app_label": "auth"}, "model": "contenttypes.contenttype", "pk": 3}, {"fields": {"model": "user", "name": "user", "app_label": "auth"}, "model": "contenttypes.contenttype", "pk": 4}, {"fields": {"model": "contenttype", "name": "content type", "app_label": "contenttypes"}, "model": "contenttypes.contenttype", "pk": 5}, {"fields": {"model": "session", "name": "session", "app_label": "sessions"}, "model": "contenttypes.contenttype", "pk": 6}, {"fields": {"model": "elezione", "name": "elezione", "app_label": "elezioni"}, "model": "contenttypes.contenttype", "pk": 7}, {"fields": {"model": "sezione", "name": "sezione", "app_label": "elezioni"}, "model": "contenttypes.contenttype", "pk": 8}, {"fields": {"model": "candidato", "name": "candidato", "app_label": "elezioni"}, "model": "contenttypes.contenttype", "pk": 9}, {"fields": {"model": "lista", "name": "lista", "app_label": "elezioni"}, "model": "contenttypes.contenttype", "pk": 10}, {"fields": {"model": "voticandidato", "name": "voti candidato", "app_label": "elezioni"}, "model": "contenttypes.contenttype", "pk": 11}, {"fields": {"model": "votilista", "name": "voti lista", "app_label": "elezioni"}, "model": "contenttypes.contenttype", "pk": 12}, {"fields": {"expire_date": "2014-10-21T08:14:56.129Z", "session_data": "MDIwMzMwNWE4ZWI0Njg2YjNmNDAzZjU5ZjQ5MzZiYTVlMmIxMTI2YTp7fQ=="}, "model": "sessions.session", "pk": "0z333dqxv7ossmkshorst51rmfxcg4gh"}, {"fields": {"expire_date": "2014-10-21T08:16:28.277Z", "session_data": "Y2QxMWU4ZjIzOGFhZjUwMTQwMjVkYzA2OWZlM2I2MDYyNmFhOGZiYTp7Il9hdXRoX3VzZXJfaGFzaCI6IjNlM2M2M2M2ZWIzMzZlOThjODYxYmU0ZmRmMDhkYmQzMTQ2ODFmZjkiLCJfYXV0aF91c2VyX2JhY2tlbmQiOiJkamFuZ28uY29udHJpYi5hdXRoLmJhY2tlbmRzLk1vZGVsQmFja2VuZCIsIl9hdXRoX3VzZXJfaWQiOjF9"}, "model": "sessions.session", "pk": "7o4nm02netoov2dqnrnxrubgxjiprnoi"}, {"fields": {"expire_date": "2014-10-20T10:14:08.055Z", "session_data": "Y2QxMWU4ZjIzOGFhZjUwMTQwMjVkYzA2OWZlM2I2MDYyNmFhOGZiYTp7Il9hdXRoX3VzZXJfaGFzaCI6IjNlM2M2M2M2ZWIzMzZlOThjODYxYmU0ZmRmMDhkYmQzMTQ2ODFmZjkiLCJfYXV0aF91c2VyX2JhY2tlbmQiOiJkamFuZ28uY29udHJpYi5hdXRoLmJhY2tlbmRzLk1vZGVsQmFja2VuZCIsIl9hdXRoX3VzZXJfaWQiOjF9"}, "model": "sessions.session", "pk": "c0kvellp3mq6g2ykebuc67g5vwdrem90"}, {"fields": {"expire_date": "2014-10-28T10:47:28.638Z", "session_data": "Y2QxMWU4ZjIzOGFhZjUwMTQwMjVkYzA2OWZlM2I2MDYyNmFhOGZiYTp7Il9hdXRoX3VzZXJfaGFzaCI6IjNlM2M2M2M2ZWIzMzZlOThjODYxYmU0ZmRmMDhkYmQzMTQ2ODFmZjkiLCJfYXV0aF91c2VyX2JhY2tlbmQiOiJkamFuZ28uY29udHJpYi5hdXRoLmJhY2tlbmRzLk1vZGVsQmFja2VuZCIsIl9hdXRoX3VzZXJfaWQiOjF9"}, "model": "sessions.session", "pk": "cjxt9roc6tq7wah9u1jgjhd7a9h3kx97"}, {"fields": {"expire_date": "2014-10-21T08:14:55.826Z", "session_data": "MDIwMzMwNWE4ZWI0Njg2YjNmNDAzZjU5ZjQ5MzZiYTVlMmIxMTI2YTp7fQ=="}, "model": "sessions.session", "pk": "dacpzpepvivkxpx7wqahacwlkcrohwhx"}, {"fields": {"expire_date": "2014-10-21T14:48:38.400Z", "session_data": "Y2QxMWU4ZjIzOGFhZjUwMTQwMjVkYzA2OWZlM2I2MDYyNmFhOGZiYTp7Il9hdXRoX3VzZXJfaGFzaCI6IjNlM2M2M2M2ZWIzMzZlOThjODYxYmU0ZmRmMDhkYmQzMTQ2ODFmZjkiLCJfYXV0aF91c2VyX2JhY2tlbmQiOiJkamFuZ28uY29udHJpYi5hdXRoLmJhY2tlbmRzLk1vZGVsQmFja2VuZCIsIl9hdXRoX3VzZXJfaWQiOjF9"}, "model": "sessions.session", "pk": "me52oac9m1mezocrtbwn4kv7o9mrb8ie"}, {"fields": {"expire_date": "2014-10-21T07:32:43.239Z", "session_data": "MDIwMzMwNWE4ZWI0Njg2YjNmNDAzZjU5ZjQ5MzZiYTVlMmIxMTI2YTp7fQ=="}, "model": "sessions.session", "pk": "pb0wmdyz16yapbwn2p3wx4olv6xq982l"}, {"fields": {"expire_date": "2014-10-27T16:20:58.855Z", "session_data": "Y2QxMWU4ZjIzOGFhZjUwMTQwMjVkYzA2OWZlM2I2MDYyNmFhOGZiYTp7Il9hdXRoX3VzZXJfaGFzaCI6IjNlM2M2M2M2ZWIzMzZlOThjODYxYmU0ZmRmMDhkYmQzMTQ2ODFmZjkiLCJfYXV0aF91c2VyX2JhY2tlbmQiOiJkamFuZ28uY29udHJpYi5hdXRoLmJhY2tlbmRzLk1vZGVsQmFja2VuZCIsIl9hdXRoX3VzZXJfaWQiOjF9"}, "model": "sessions.session", "pk": "qubzwortrmlthucpqykm6nxfvejqfx41"}, {"fields": {"expire_date": "2014-10-21T08:14:56.120Z", "session_data": "MDIwMzMwNWE4ZWI0Njg2YjNmNDAzZjU5ZjQ5MzZiYTVlMmIxMTI2YTp7fQ=="}, "model": "sessions.session", "pk": "te1ydfrmyvsy05ljf5rqk05hig7hx5a2"}, {"fields": {"expire_date": "2014-10-27T09:08:30.475Z", "session_data": "Y2QxMWU4ZjIzOGFhZjUwMTQwMjVkYzA2OWZlM2I2MDYyNmFhOGZiYTp7Il9hdXRoX3VzZXJfaGFzaCI6IjNlM2M2M2M2ZWIzMzZlOThjODYxYmU0ZmRmMDhkYmQzMTQ2ODFmZjkiLCJfYXV0aF91c2VyX2JhY2tlbmQiOiJkamFuZ28uY29udHJpYi5hdXRoLmJhY2tlbmRzLk1vZGVsQmFja2VuZCIsIl9hdXRoX3VzZXJfaWQiOjF9"}, "model": "sessions.session", "pk": "wafppke54zowtyeiqbea7i4y7qnjahfy"}, {"fields": {"aventi_diritto": 118549, "copertura_simulata": 0, "descrizione": "", "chiusa": false, "intervallo_ricalcolo": 1, "titolo": "Elezioni Reggio Calabria 2014"}, "model": "elezioni.elezione", "pk": 1}, {"fields": {"aventi_diritto": 1, "copertura_simulata": 0, "descrizione": "", "chiusa": false, "intervallo_ricalcolo": 1, "titolo": "Elezioni Springfield 2014"}, "model": "elezioni.elezione", "pk": 2}, {"fields": {"aventi_diritto": 30992, "copertura_simulata": 0, "descrizione": "", "chiusa": false, "intervallo_ricalcolo": 1, "titolo": "Comunali Rende 2014"}, "model": "elezioni.elezione", "pk": 3}, {"fields": {"aventi_diritto": 1, "copertura_simulata": 0, "descrizione": "", "chiusa": false, "intervallo_ricalcolo": 1, "titolo": "TestDev"}, "model": "elezioni.elezione", "pk": 4}, {"fields": {"aventi_diritto": 10000, "copertura_simulata": 0, "descrizione": "", "chiusa": false, "intervallo_ricalcolo": 1, "titolo": "TestDev2"}, "model": "elezioni.elezione", "pk": 5}, {"fields": {"schede_bianche": 0, "nome": "Springfield NORD", "schede_bianche_mod": 0, "elezione": 2, "numero": 1, "attiva": true, "schede_nulle": 0, "luogo": "", "iscritti": 600, "votanti": 300, "schede_nulle_mod": 0}, "model": "elezioni.sezione", "pk": 2}, {"fields": {"schede_bianche": 0, "nome": "Springgield Scuola Media", "schede_bianche_mod": 0, "elezione": 2, "numero": 2, "attiva": true, "schede_nulle": 0, "luogo": "", "iscritti": 0, "votanti": 0, "schede_nulle_mod": 0}, "model": "elezioni.sezione", "pk": 3}, {"fields": {"schede_bianche": 0, "nome": "Springfield Universita'", "schede_bianche_mod": 0, "elezione": 2, "numero": 3, "attiva": true, "schede_nulle": 0, "luogo": "", "iscritti": 0, "votanti": 0, "schede_nulle_mod": 0}, "model": "elezioni.sezione", "pk": 4}, {"fields": {"schede_bianche": 5, "nome": "Reggio Citta'", "schede_bianche_mod": 7, "elezione": 1, "numero": 1, "attiva": true, "schede_nulle": 5, "luogo": "", "iscritti": 1537, "votanti": 500, "schede_nulle_mod": 7}, "model": "elezioni.sezione", "pk": 9}, {"fields": {"schede_bianche": 3, "nome": "Reggio Marina", "schede_bianche_mod": 4, "elezione": 1, "numero": 2, "attiva": true, "schede_nulle": 4, "luogo": "", "iscritti": 2875, "votanti": 1442, "schede_nulle_mod": 5}, "model": "elezioni.sezione", "pk": 10}, {"fields": {"schede_bianche": 0, "nome": "Reggio Centro Storico", "schede_bianche_mod": 0, "elezione": 1, "numero": 3, "attiva": true, "schede_nulle": 0, "luogo": "", "iscritti": 1344, "votanti": 987, "schede_nulle_mod": 0}, "model": "elezioni.sezione", "pk": 11}, {"fields": {"schede_bianche": 0, "nome": "Reggio Stazione", "schede_bianche_mod": 0, "elezione": 1, "numero": 4, "attiva": true, "schede_nulle": 0, "luogo": "", "iscritti": 1987, "votanti": 465, "schede_nulle_mod": 0}, "model": "elezioni.sezione", "pk": 12}, {"fields": {"schede_bianche": 0, "nome": "Quattromiglia 11", "schede_bianche_mod": 0, "elezione": 3, "numero": 11, "attiva": true, "schede_nulle": 0, "luogo": "Rende", "iscritti": 1308, "votanti": 929, "schede_nulle_mod": 0}, "model": "elezioni.sezione", "pk": 13}, {"fields": {"schede_bianche": 0, "nome": "Quattromiglia 7", "schede_bianche_mod": 0, "elezione": 3, "numero": 7, "attiva": true, "schede_nulle": 0, "luogo": "Rende", "iscritti": 1461, "votanti": 905, "schede_nulle_mod": 0}, "model": "elezioni.sezione", "pk": 14}, {"fields": {"schede_bianche": 0, "nome": "Giotto 26", "schede_bianche_mod": 0, "elezione": 3, "numero": 26, "attiva": true, "schede_nulle": 0, "luogo": "Rende", "iscritti": 753, "votanti": 619, "schede_nulle_mod": 0}, "model": "elezioni.sezione", "pk": 15}, {"fields": {"schede_bianche": 0, "nome": "Giotto 31", "schede_bianche_mod": 0, "elezione": 3, "numero": 31, "attiva": true, "schede_nulle": 0, "luogo": "Rende", "iscritti": 744, "votanti": 590, "schede_nulle_mod": 0}, "model": "elezioni.sezione", "pk": 16}, {"fields": {"schede_bianche": 0, "nome": "Quattromiglia 27", "schede_bianche_mod": 0, "elezione": 3, "numero": 27, "attiva": true, "schede_nulle": 0, "luogo": "Rende", "iscritti": 836, "votanti": 598, "schede_nulle_mod": 0}, "model": "elezioni.sezione", "pk": 17}, {"fields": {"schede_bianche": 0, "nome": "Saporito 29", "schede_bianche_mod": 0, "elezione": 3, "numero": 29, "attiva": true, "schede_nulle": 0, "luogo": "Rende", "iscritti": 955, "votanti": 754, "schede_nulle_mod": 0}, "model": "elezioni.sezione", "pk": 18}, {"fields": {"schede_bianche": 0, "nome": "Sez 1", "schede_bianche_mod": 0, "elezione": 4, "numero": 1, "attiva": true, "schede_nulle": 0, "luogo": "", "iscritti": 1200, "votanti": 700, "schede_nulle_mod": 0}, "model": "elezioni.sezione", "pk": 19}, {"fields": {"schede_bianche": 0, "nome": "Sez 2", "schede_bianche_mod": 0, "elezione": 4, "numero": 2, "attiva": true, "schede_nulle": 0, "luogo": "", "iscritti": 2300, "votanti": 800, "schede_nulle_mod": 0}, "model": "elezioni.sezione", "pk": 20}, {"fields": {"schede_bianche": 0, "nome": "Sez 3", "schede_bianche_mod": 0, "elezione": 4, "numero": 3, "attiva": true, "schede_nulle": 0, "luogo": "", "iscritti": 1400, "votanti": 900, "schede_nulle_mod": 0}, "model": "elezioni.sezione", "pk": 21}, {"fields": {"schede_bianche": 0, "nome": "Europa", "schede_bianche_mod": 0, "elezione": 5, "numero": 1, "attiva": true, "schede_nulle": 0, "luogo": "", "iscritti": 3000, "votanti": 1000, "schede_nulle_mod": 0}, "model": "elezioni.sezione", "pk": 22}, {"fields": {"schede_bianche": 0, "nome": "Asia", "schede_bianche_mod": 0, "elezione": 5, "numero": 2, "attiva": true, "schede_nulle": 0, "luogo": "", "iscritti": 10000, "votanti": 4000, "schede_nulle_mod": 0}, "model": "elezioni.sezione", "pk": 23}, {"fields": {"schede_bianche": 20, "nome": "America", "schede_bianche_mod": 42, "elezione": 5, "numero": 3, "attiva": true, "schede_nulle": 50, "luogo": "", "iscritti": 8000, "votanti": 3000, "schede_nulle_mod": 105}, "model": "elezioni.sezione", "pk": 24}, {"fields": {"schede_bianche": 0, "nome": "Africa", "schede_bianche_mod": 0, "elezione": 5, "numero": 4, "attiva": true, "schede_nulle": 0, "luogo": "", "iscritti": 6000, "votanti": 2000, "schede_nulle_mod": 0}, "model": "elezioni.sezione", "pk": 25}, {"fields": {"schede_bianche": 98, "nome": "Oceania", "schede_bianche_mod": 43, "elezione": 5, "numero": 5, "attiva": true, "schede_nulle": 30, "luogo": "", "iscritti": 2000, "votanti": 1000, "schede_nulle_mod": 13}, "model": "elezioni.sezione", "pk": 26}, {"fields": {"cognome": "Simpson", "foto": "images/foto/homer-simpson.jpg", "elezione": 2, "nome": "Homer J."}, "model": "elezioni.candidato", "pk": 1}, {"fields": {"cognome": "Simpson", "foto": "images/foto/bart-simpson-02.gif", "elezione": 2, "nome": "Bart"}, "model": "elezioni.candidato", "pk": 2}, {"fields": {"cognome": "Simpson", "foto": "images/foto/lisa_simpson.png", "elezione": 2, "nome": "Lisa"}, "model": "elezioni.candidato", "pk": 3}, {"fields": {"cognome": "Simpson", "foto": "images/foto/Marge_Simpson.jpg", "elezione": 2, "nome": "Marge"}, "model": "elezioni.candidato", "pk": 4}, {"fields": {"cognome": "Nahasapeemape", "foto": "images/foto/Apu_Nahasapeemape.jpg", "elezione": 2, "nome": "Apu"}, "model": "elezioni.candidato", "pk": 5}, {"fields": {"cognome": "Gumble", "foto": "images/foto/Barney_Gumble.jpg", "elezione": 2, "nome": "Barney"}, "model": "elezioni.candidato", "pk": 6}, {"fields": {"cognome": "Szyslak", "foto": "images/foto/Boe_Szyslak.jpg", "elezione": 2, "nome": "Boe"}, "model": "elezioni.candidato", "pk": 7}, {"fields": {"cognome": "Caprapall", "foto": "images/foto/Edna_Caprapall.jpg", "elezione": 2, "nome": "Edna"}, "model": "elezioni.candidato", "pk": 8}, {"fields": {"cognome": "Van Houten", "foto": "images/foto/Milhouse_Van_Houten.jpg", "elezione": 2, "nome": "Milhouse"}, "model": "elezioni.candidato", "pk": 9}, {"fields": {"cognome": "Burns", "foto": "images/foto/Montgomery_Burns.jpg", "elezione": 2, "nome": "Montgomery"}, "model": "elezioni.candidato", "pk": 10}, {"fields": {"cognome": "Flanders", "foto": "images/foto/Ned_Flanders.jpg", "elezione": 2, "nome": "Ned"}, "model": "elezioni.candidato", "pk": 11}, {"fields": {"cognome": "Muntz", "foto": "images/foto/Nelson_Muntz.jpg", "elezione": 2, "nome": "Nelson"}, "model": "elezioni.candidato", "pk": 12}, {"fields": {"cognome": "Falcomata'", "foto": "images/foto/giuseppe_falcomata.jpg", "elezione": 1, "nome": "Giuseppe"}, "model": "elezioni.candidato", "pk": 13}, {"fields": {"cognome": "Ferrara", "foto": "images/foto/paolo_ferrara.png", "elezione": 1, "nome": "Paolo"}, "model": "elezioni.candidato", "pk": 14}, {"fields": {"cognome": "Giordano", "foto": "images/foto/vincenzo_giordano.jpg", "elezione": 1, "nome": "Vincenzo"}, "model": "elezioni.candidato", "pk": 15}, {"fields": {"cognome": "Morabito", "foto": "images/foto/stefano_morabito.jpg", "elezione": 1, "nome": "Stefano"}, "model": "elezioni.candidato", "pk": 16}, {"fields": {"cognome": "Scafaria", "foto": "images/foto/francesco_scafaria.jpg", "elezione": 1, "nome": "Francesco A."}, "model": "elezioni.candidato", "pk": 17}, {"fields": {"cognome": "Dattola", "foto": "images/foto/dattola.jpg", "elezione": 1, "nome": "Lucio"}, "model": "elezioni.candidato", "pk": 18}, {"fields": {"cognome": "Siclari", "foto": "images/foto/pino_siclari2.jpg", "elezione": 1, "nome": "Giuseppe"}, "model": "elezioni.candidato", "pk": 19}, {"fields": {"cognome": "Musarella", "foto": "images/foto/Musarella_sH2amZ5.jpg", "elezione": 1, "nome": "Giuseppe"}, "model": "elezioni.candidato", "pk": 20}, {"fields": {"cognome": "Chizzoniti", "foto": "images/foto/Chizzoniti_6LSt82d.png", "elezione": 1, "nome": "Aurelio"}, "model": "elezioni.candidato", "pk": 21}, {"fields": {"cognome": "Manna", "foto": "", "elezione": 3, "nome": "Marcello"}, "model": "elezioni.candidato", "pk": 22}, {"fields": {"cognome": "Verre", "foto": "", "elezione": 3, "nome": "Pasquale Domenico"}, "model": "elezioni.candidato", "pk": 23}, {"fields": {"cognome": "De Rose", "foto": "", "elezione": 3, "nome": "Massimiliano"}, "model": "elezioni.candidato", "pk": 24}, {"fields": {"cognome": "Cuzzocrea", "foto": "", "elezione": 3, "nome": "Andrea"}, "model": "elezioni.candidato", "pk": 25}, {"fields": {"cognome": "Pizzini", "foto": "", "elezione": 3, "nome": "Luca"}, "model": "elezioni.candidato", "pk": 26}, {"fields": {"cognome": "Miceli", "foto": "", "elezione": 3, "nome": "Domenico"}, "model": "elezioni.candidato", "pk": 27}, {"fields": {"cognome": "Musarella", "foto": "", "elezione": 4, "nome": "A"}, "model": "elezioni.candidato", "pk": 28}, {"fields": {"cognome": "Ferrara", "foto": "", "elezione": 4, "nome": "B"}, "model": "elezioni.candidato", "pk": 29}, {"fields": {"cognome": "Falcomata'", "foto": "", "elezione": 4, "nome": "C"}, "model": "elezioni.candidato", "pk": 30}, {"fields": {"cognome": "Chizzoniti", "foto": "", "elezione": 4, "nome": "D"}, "model": "elezioni.candidato", "pk": 31}, {"fields": {"cognome": "Giordano", "foto": "", "elezione": 4, "nome": "E"}, "model": "elezioni.candidato", "pk": 32}, {"fields": {"cognome": "Dattola", "foto": "", "elezione": 4, "nome": "F"}, "model": "elezioni.candidato", "pk": 33}, {"fields": {"cognome": "Siclari", "foto": "", "elezione": 4, "nome": "G"}, "model": "elezioni.candidato", "pk": 34}, {"fields": {"cognome": "Morabito", "foto": "", "elezione": 4, "nome": "H"}, "model": "elezioni.candidato", "pk": 35}, {"fields": {"cognome": "Scafaria", "foto": "", "elezione": 4, "nome": "I"}, "model": "elezioni.candidato", "pk": 36}, {"fields": {"cognome": "Torvalds", "foto": "", "elezione": 5, "nome": "Linus"}, "model": "elezioni.candidato", "pk": 39}, {"fields": {"cognome": "Page", "foto": "", "elezione": 5, "nome": "Larry"}, "model": "elezioni.candidato", "pk": 40}, {"fields": {"cognome": "Jobs", "foto": "", "elezione": 5, "nome": "Steve"}, "model": "elezioni.candidato", "pk": 41}, {"fields": {"cognome": "Gates", "foto": "", "elezione": 5, "nome": "Bill"}, "model": "elezioni.candidato", "pk": 42}, {"fields": {"elezione": 2, "sigla": "", "simbolo": "", "candidato": 1, "nome": "Birre e Ciambelle"}, "model": "elezioni.lista", "pk": 1}, {"fields": {"elezione": 2, "sigla": "", "simbolo": "", "candidato": 2, "nome": "Partito del Fare"}, "model": "elezioni.lista", "pk": 2}, {"fields": {"elezione": 1, "sigla": "", "simbolo": "images/simboli/partito-democratico.gif", "candidato": 13, "nome": "Partito Democratico"}, "model": "elezioni.lista", "pk": 3}, {"fields": {"elezione": 1, "sigla": "", "simbolo": "images/simboli/Partito_Repubblicano.jpg", "candidato": 13, "nome": "Partito Repubblicano"}, "model": "elezioni.lista", "pk": 4}, {"fields": {"elezione": 1, "sigla": "", "simbolo": "images/simboli/centro-democratico.png", "candidato": 13, "nome": "Centro Democratico"}, "model": "elezioni.lista", "pk": 5}, {"fields": {"elezione": 1, "sigla": "", "simbolo": "images/simboli/PER_UNALTRA_REGGIO_AUnGc9P.jpg", "candidato": 16, "nome": "PER UN'ALTRA REGGIO"}, "model": "elezioni.lista", "pk": 6}, {"fields": {"elezione": 1, "sigla": "", "simbolo": "images/simboli/A_TESTA_ALTA.jpg", "candidato": 13, "nome": "A Testa Alta"}, "model": "elezioni.lista", "pk": 7}, {"fields": {"elezione": 1, "sigla": "", "simbolo": "images/simboli/LA_SVOLTA.jpg", "candidato": 13, "nome": "La Svolta"}, "model": "elezioni.lista", "pk": 8}, {"fields": {"elezione": 1, "sigla": "", "simbolo": "images/simboli/CAMBIARE_REGGIO_CALABRIA_OFFICINA_CALABRIA.jpg", "candidato": 13, "nome": "Cambiare Reggio Calabria Officina Calabria"}, "model": "elezioni.lista", "pk": 9}, {"fields": {"elezione": 1, "sigla": "", "simbolo": "images/simboli/PARTITO_SOCIALISTA.jpg", "candidato": 13, "nome": "Partito Socialista"}, "model": "elezioni.lista", "pk": 10}, {"fields": {"elezione": 1, "sigla": "", "simbolo": "images/simboli/LISTA_RESET.jpg", "candidato": 13, "nome": "Lista Reset"}, "model": "elezioni.lista", "pk": 11}, {"fields": {"elezione": 1, "sigla": "", "simbolo": "images/simboli/LISTA_SEL_I3wRMPJ.jpg", "candidato": 13, "nome": "Lista SEL"}, "model": "elezioni.lista", "pk": 12}, {"fields": {"elezione": 1, "sigla": "", "simbolo": "images/simboli/SINISTRA_PER_REGGIO.jpg", "candidato": 13, "nome": "Sinistra per Reggio"}, "model": "elezioni.lista", "pk": 13}, {"fields": {"elezione": 1, "sigla": "", "simbolo": "images/simboli/LISTA_OLTRE.jpg", "candidato": 13, "nome": "Lista Oltre"}, "model": "elezioni.lista", "pk": 14}, {"fields": {"elezione": 1, "sigla": "", "simbolo": "images/simboli/PARTITO_COMUNISTA_DEI_LAVORATORI.jpg", "candidato": 19, "nome": "Partito Comunista dei lavoratori"}, "model": "elezioni.lista", "pk": 15}, {"fields": {"elezione": 1, "sigla": "", "simbolo": "images/simboli/movimento-5-stelle.png", "candidato": 15, "nome": "Movimento 5 Stelle"}, "model": "elezioni.lista", "pk": 16}, {"fields": {"elezione": 1, "sigla": "", "simbolo": "images/simboli/liberi_di_ricominciare.png", "candidato": 14, "nome": "Liberi di Ricominciare"}, "model": "elezioni.lista", "pk": 17}, {"fields": {"elezione": 1, "sigla": "", "simbolo": "images/simboli/forza_reggio.png", "candidato": 14, "nome": "Forza Reggio"}, "model": "elezioni.lista", "pk": 18}, {"fields": {"elezione": 1, "sigla": "", "simbolo": "images/simboli/liberta_esigenze_sociali.png", "candidato": 14, "nome": "Liberta' ed Esigenze Sociali"}, "model": "elezioni.lista", "pk": 19}, {"fields": {"elezione": 1, "sigla": "", "simbolo": "images/simboli/democrazia_cristiana.png", "candidato": 14, "nome": "Democrazia Cristiana"}, "model": "elezioni.lista", "pk": 20}, {"fields": {"elezione": 1, "sigla": "", "simbolo": "images/simboli/lista_del_grillo_parlante.png", "candidato": 14, "nome": "Lista del Grillo Parlante - NO Euro"}, "model": "elezioni.lista", "pk": 21}, {"fields": {"elezione": 1, "sigla": "", "simbolo": "images/simboli/MOVIMENTO_REGGINI_INDIGNATI_u4Ow4KD.jpg", "candidato": 17, "nome": "Movimento Reggini Indignati"}, "model": "elezioni.lista", "pk": 22}, {"fields": {"elezione": 1, "sigla": "", "simbolo": "images/simboli/ALTERNATIVA_DEMOCRATICA.jpg", "candidato": 20, "nome": "Alternativa Democratica"}, "model": "elezioni.lista", "pk": 23}, {"fields": {"elezione": 1, "sigla": "", "simbolo": "images/simboli/ETHOS.jpg", "candidato": 20, "nome": "Ethos"}, "model": "elezioni.lista", "pk": 24}, {"fields": {"elezione": 1, "sigla": "", "simbolo": "images/simboli/REGGIO_NEL_CUORE.jpg", "candidato": 21, "nome": "Reggio nel Cuore"}, "model": "elezioni.lista", "pk": 25}, {"fields": {"elezione": 1, "sigla": "", "simbolo": "images/simboli/reggio_futura.jpg", "candidato": 18, "nome": "Reggio Futura"}, "model": "elezioni.lista", "pk": 26}, {"fields": {"elezione": 1, "sigla": "", "simbolo": "images/simboli/FORZA_ITALIA.jpg", "candidato": 18, "nome": "Forza Italia"}, "model": "elezioni.lista", "pk": 27}, {"fields": {"elezione": 1, "sigla": "", "simbolo": "images/simboli/ncd.jpg", "candidato": 18, "nome": "Nuovo Centro Destra"}, "model": "elezioni.lista", "pk": 28}, {"fields": {"elezione": 1, "sigla": "", "simbolo": "images/simboli/SUD.jpg", "candidato": 18, "nome": "SUD"}, "model": "elezioni.lista", "pk": 29}, {"fields": {"elezione": 1, "sigla": "", "simbolo": "images/simboli/AN_-_FRATELLI_DITALIA.jpg", "candidato": 18, "nome": "AN - Fratelli d'Italia"}, "model": "elezioni.lista", "pk": 30}, {"fields": {"elezione": 1, "sigla": "", "simbolo": "images/simboli/Movimento_Dialogo_Civile.jpg", "candidato": 18, "nome": "Movimento Dialogo Civile"}, "model": "elezioni.lista", "pk": 31}, {"fields": {"elezione": 1, "sigla": "", "simbolo": "images/simboli/INSIEME_A_DATTOLA.jpg", "candidato": 18, "nome": "Insieme a Dattola"}, "model": "elezioni.lista", "pk": 32}, {"fields": {"elezione": 1, "sigla": "", "simbolo": "images/simboli/DESTRA_PER_REGGIO.jpg", "candidato": 18, "nome": "Destra per Reggio"}, "model": "elezioni.lista", "pk": 33}, {"fields": {"elezione": 1, "sigla": "", "simbolo": "images/simboli/ALLEANZA_CALABRESE.jpg", "candidato": 18, "nome": "Alleanza Calabrese"}, "model": "elezioni.lista", "pk": 34}, {"fields": {"elezione": 5, "sigla": "", "simbolo": "", "candidato": 39, "nome": "UNIX"}, "model": "elezioni.lista", "pk": 35}, {"fields": {"elezione": 5, "sigla": "", "simbolo": "", "candidato": 39, "nome": "LINUX"}, "model": "elezioni.lista", "pk": 36}, {"fields": {"elezione": 5, "sigla": "", "simbolo": "", "candidato": 39, "nome": "Ubuntu"}, "model": "elezioni.lista", "pk": 37}, {"fields": {"elezione": 5, "sigla": "", "simbolo": "", "candidato": 41, "nome": "Apple"}, "model": "elezioni.lista", "pk": 38}, {"fields": {"elezione": 5, "sigla": "", "simbolo": "", "candidato": 40, "nome": "Google"}, "model": "elezioni.lista", "pk": 39}, {"fields": {"elezione": 5, "sigla": "", "simbolo": "", "candidato": 40, "nome": "Android"}, "model": "elezioni.lista", "pk": 40}, {"fields": {"elezione": 5, "sigla": "", "simbolo": "", "candidato": 42, "nome": "Microsoft"}, "model": "elezioni.lista", "pk": 41}, {"fields": {"voti": 39, "candidato": 1, "sezione": 2, "voti_mod": 0}, "model": "elezioni.voticandidato", "pk": 46}, {"fields": {"voti": 5, "candidato": 1, "sezione": 3, "voti_mod": 0}, "model": "elezioni.voticandidato", "pk": 47}, {"fields": {"voti": 9, "candidato": 2, "sezione": 2, "voti_mod": 0}, "model": "elezioni.voticandidato", "pk": 48}, {"fields": {"voti": 17, "candidato": 2, "sezione": 3, "voti_mod": 0}, "model": "elezioni.voticandidato", "pk": 49}, {"fields": {"voti": 1, "candidato": 1, "sezione": 4, "voti_mod": 0}, "model": "elezioni.voticandidato", "pk": 50}, {"fields": {"voti": 9, "candidato": 2, "sezione": 4, "voti_mod": 0}, "model": "elezioni.voticandidato", "pk": 51}, {"fields": {"voti": 13, "candidato": 3, "sezione": 2, "voti_mod": 0}, "model": "elezioni.voticandidato", "pk": 52}, {"fields": {"voti": 6, "candidato": 3, "sezione": 3, "voti_mod": 0}, "model": "elezioni.voticandidato", "pk": 53}, {"fields": {"voti": 3, "candidato": 3, "sezione": 4, "voti_mod": 0}, "model": "elezioni.voticandidato", "pk": 54}, {"fields": {"voti": 32, "candidato": 4, "sezione": 2, "voti_mod": 0}, "model": "elezioni.voticandidato", "pk": 55}, {"fields": {"voti": 4, "candidato": 4, "sezione": 3, "voti_mod": 0}, "model": "elezioni.voticandidato", "pk": 56}, {"fields": {"voti": 8, "candidato": 4, "sezione": 4, "voti_mod": 0}, "model": "elezioni.voticandidato", "pk": 57}, {"fields": {"voti": 21, "candidato": 5, "sezione": 2, "voti_mod": 0}, "model": "elezioni.voticandidato", "pk": 58}, {"fields": {"voti": 5, "candidato": 5, "sezione": 3, "voti_mod": 0}, "model": "elezioni.voticandidato", "pk": 59}, {"fields": {"voti": 3, "candidato": 5, "sezione": 4, "voti_mod": 0}, "model": "elezioni.voticandidato", "pk": 60}, {"fields": {"voti": 8, "candidato": 6, "sezione": 2, "voti_mod": 0}, "model": "elezioni.voticandidato", "pk": 61}, {"fields": {"voti": 4, "candidato": 6, "sezione": 3, "voti_mod": 0}, "model": "elezioni.voticandidato", "pk": 62}, {"fields": {"voti": 7, "candidato": 6, "sezione": 4, "voti_mod": 0}, "model": "elezioni.voticandidato", "pk": 63}, {"fields": {"voti": 6, "candidato": 7, "sezione": 2, "voti_mod": 0}, "model": "elezioni.voticandidato", "pk": 64}, {"fields": {"voti": 6, "candidato": 7, "sezione": 3, "voti_mod": 0}, "model": "elezioni.voticandidato", "pk": 65}, {"fields": {"voti": 3, "candidato": 7, "sezione": 4, "voti_mod": 0}, "model": "elezioni.voticandidato", "pk": 66}, {"fields": {"voti": 2, "candidato": 8, "sezione": 2, "voti_mod": 0}, "model": "elezioni.voticandidato", "pk": 67}, {"fields": {"voti": 4, "candidato": 8, "sezione": 3, "voti_mod": 0}, "model": "elezioni.voticandidato", "pk": 68}, {"fields": {"voti": 2, "candidato": 8, "sezione": 4, "voti_mod": 0}, "model": "elezioni.voticandidato", "pk": 69}, {"fields": {"voti": 4, "candidato": 9, "sezione": 2, "voti_mod": 0}, "model": "elezioni.voticandidato", "pk": 70}, {"fields": {"voti": 0, "candidato": 9, "sezione": 3, "voti_mod": 0}, "model": "elezioni.voticandidato", "pk": 71}, {"fields": {"voti": 0, "candidato": 9, "sezione": 4, "voti_mod": 0}, "model": "elezioni.voticandidato", "pk": 72}, {"fields": {"voti": 0, "candidato": 10, "sezione": 2, "voti_mod": 0}, "model": "elezioni.voticandidato", "pk": 73}, {"fields": {"voti": 0, "candidato": 10, "sezione": 3, "voti_mod": 0}, "model": "elezioni.voticandidato", "pk": 74}, {"fields": {"voti": 0, "candidato": 10, "sezione": 4, "voti_mod": 0}, "model": "elezioni.voticandidato", "pk": 75}, {"fields": {"voti": 1, "candidato": 11, "sezione": 2, "voti_mod": 0}, "model": "elezioni.voticandidato", "pk": 76}, {"fields": {"voti": 0, "candidato": 11, "sezione": 3, "voti_mod": 0}, "model": "elezioni.voticandidato", "pk": 77}, {"fields": {"voti": 0, "candidato": 11, "sezione": 4, "voti_mod": 0}, "model": "elezioni.voticandidato", "pk": 78}, {"fields": {"voti": 5, "candidato": 12, "sezione": 2, "voti_mod": 0}, "model": "elezioni.voticandidato", "pk": 79}, {"fields": {"voti": 0, "candidato": 12, "sezione": 3, "voti_mod": 0}, "model": "elezioni.voticandidato", "pk": 80}, {"fields": {"voti": 1, "candidato": 12, "sezione": 4, "voti_mod": 0}, "model": "elezioni.voticandidato", "pk": 81}, {"fields": {"voti": 5, "candidato": 13, "sezione": 9, "voti_mod": 6}, "model": "elezioni.voticandidato", "pk": 130}, {"fields": {"voti": 27, "candidato": 13, "sezione": 10, "voti_mod": 11}, "model": "elezioni.voticandidato", "pk": 131}, {"fields": {"voti": 134, "candidato": 13, "sezione": 11, "voti_mod": 84}, "model": "elezioni.voticandidato", "pk": 132}, {"fields": {"voti": 6, "candidato": 13, "sezione": 12, "voti_mod": 8}, "model": "elezioni.voticandidato", "pk": 133}, {"fields": {"voti": 1, "candidato": 14, "sezione": 9, "voti_mod": 1}, "model": "elezioni.voticandidato", "pk": 134}, {"fields": {"voti": 7, "candidato": 14, "sezione": 10, "voti_mod": 3}, "model": "elezioni.voticandidato", "pk": 135}, {"fields": {"voti": 33, "candidato": 14, "sezione": 11, "voti_mod": 20}, "model": "elezioni.voticandidato", "pk": 136}, {"fields": {"voti": 0, "candidato": 14, "sezione": 12, "voti_mod": 0}, "model": "elezioni.voticandidato", "pk": 137}, {"fields": {"voti": 5, "candidato": 15, "sezione": 9, "voti_mod": 6}, "model": "elezioni.voticandidato", "pk": 138}, {"fields": {"voti": 6, "candidato": 15, "sezione": 10, "voti_mod": 2}, "model": "elezioni.voticandidato", "pk": 139}, {"fields": {"voti": 23, "candidato": 15, "sezione": 11, "voti_mod": 14}, "model": "elezioni.voticandidato", "pk": 140}, {"fields": {"voti": 0, "candidato": 15, "sezione": 12, "voti_mod": 0}, "model": "elezioni.voticandidato", "pk": 141}, {"fields": {"voti": 2, "candidato": 16, "sezione": 9, "voti_mod": 2}, "model": "elezioni.voticandidato", "pk": 142}, {"fields": {"voti": 7, "candidato": 16, "sezione": 10, "voti_mod": 3}, "model": "elezioni.voticandidato", "pk": 143}, {"fields": {"voti": 65, "candidato": 16, "sezione": 11, "voti_mod": 40}, "model": "elezioni.voticandidato", "pk": 144}, {"fields": {"voti": 0, "candidato": 16, "sezione": 12, "voti_mod": 0}, "model": "elezioni.voticandidato", "pk": 145}, {"fields": {"voti": 4, "candidato": 17, "sezione": 9, "voti_mod": 4}, "model": "elezioni.voticandidato", "pk": 146}, {"fields": {"voti": 2, "candidato": 17, "sezione": 10, "voti_mod": 0}, "model": "elezioni.voticandidato", "pk": 147}, {"fields": {"voti": 87, "candidato": 17, "sezione": 11, "voti_mod": 54}, "model": "elezioni.voticandidato", "pk": 148}, {"fields": {"voti": 0, "candidato": 17, "sezione": 12, "voti_mod": 0}, "model": "elezioni.voticandidato", "pk": 149}, {"fields": {"voti": 0, "candidato": 18, "sezione": 9, "voti_mod": 0}, "model": "elezioni.voticandidato", "pk": 150}, {"fields": {"voti": 1, "candidato": 18, "sezione": 10, "voti_mod": 0}, "model": "elezioni.voticandidato", "pk": 151}, {"fields": {"voti": 15, "candidato": 18, "sezione": 11, "voti_mod": 9}, "model": "elezioni.voticandidato", "pk": 152}, {"fields": {"voti": 0, "candidato": 18, "sezione": 12, "voti_mod": 0}, "model": "elezioni.voticandidato", "pk": 153}, {"fields": {"voti": 0, "candidato": 19, "sezione": 9, "voti_mod": 0}, "model": "elezioni.voticandidato", "pk": 154}, {"fields": {"voti": 18, "candidato": 19, "sezione": 10, "voti_mod": 7}, "model": "elezioni.voticandidato", "pk": 155}, {"fields": {"voti": 22, "candidato": 19, "sezione": 11, "voti_mod": 13}, "model": "elezioni.voticandidato", "pk": 156}, {"fields": {"voti": 0, "candidato": 19, "sezione": 12, "voti_mod": 0}, "model": "elezioni.voticandidato", "pk": 157}, {"fields": {"voti": 0, "candidato": 20, "sezione": 9, "voti_mod": 0}, "model": "elezioni.voticandidato", "pk": 158}, {"fields": {"voti": 3, "candidato": 20, "sezione": 10, "voti_mod": 1}, "model": "elezioni.voticandidato", "pk": 159}, {"fields": {"voti": 9, "candidato": 20, "sezione": 11, "voti_mod": 5}, "model": "elezioni.voticandidato", "pk": 160}, {"fields": {"voti": 0, "candidato": 20, "sezione": 12, "voti_mod": 0}, "model": "elezioni.voticandidato", "pk": 161}, {"fields": {"voti": 33, "candidato": 21, "sezione": 9, "voti_mod": 40}, "model": "elezioni.voticandidato", "pk": 162}, {"fields": {"voti": 100, "candidato": 21, "sezione": 10, "voti_mod": 42}, "model": "elezioni.voticandidato", "pk": 163}, {"fields": {"voti": 21, "candidato": 21, "sezione": 11, "voti_mod": 13}, "model": "elezioni.voticandidato", "pk": 164}, {"fields": {"voti": 0, "candidato": 21, "sezione": 12, "voti_mod": 0}, "model": "elezioni.voticandidato", "pk": 165}, {"fields": {"voti": 16, "candidato": 25, "sezione": 13, "voti_mod": 33}, "model": "elezioni.voticandidato", "pk": 166}, {"fields": {"voti": 26, "candidato": 24, "sezione": 13, "voti_mod": 53}, "model": "elezioni.voticandidato", "pk": 167}, {"fields": {"voti": 56, "candidato": 22, "sezione": 13, "voti_mod": 114}, "model": "elezioni.voticandidato", "pk": 168}, {"fields": {"voti": 15, "candidato": 27, "sezione": 13, "voti_mod": 31}, "model": "elezioni.voticandidato", "pk": 169}, {"fields": {"voti": 12, "candidato": 26, "sezione": 13, "voti_mod": 24}, "model": "elezioni.voticandidato", "pk": 170}, {"fields": {"voti": 57, "candidato": 23, "sezione": 13, "voti_mod": 116}, "model": "elezioni.voticandidato", "pk": 171}, {"fields": {"voti": 21, "candidato": 25, "sezione": 14, "voti_mod": 17}, "model": "elezioni.voticandidato", "pk": 172}, {"fields": {"voti": 61, "candidato": 24, "sezione": 14, "voti_mod": 49}, "model": "elezioni.voticandidato", "pk": 173}, {"fields": {"voti": 136, "candidato": 22, "sezione": 14, "voti_mod": 108}, "model": "elezioni.voticandidato", "pk": 174}, {"fields": {"voti": 34, "candidato": 27, "sezione": 14, "voti_mod": 27}, "model": "elezioni.voticandidato", "pk": 175}, {"fields": {"voti": 15, "candidato": 26, "sezione": 14, "voti_mod": 12}, "model": "elezioni.voticandidato", "pk": 176}, {"fields": {"voti": 187, "candidato": 23, "sezione": 14, "voti_mod": 149}, "model": "elezioni.voticandidato", "pk": 177}, {"fields": {"voti": 3, "candidato": 25, "sezione": 15, "voti_mod": 4}, "model": "elezioni.voticandidato", "pk": 178}, {"fields": {"voti": 35, "candidato": 24, "sezione": 15, "voti_mod": 45}, "model": "elezioni.voticandidato", "pk": 179}, {"fields": {"voti": 54, "candidato": 22, "sezione": 15, "voti_mod": 69}, "model": "elezioni.voticandidato", "pk": 180}, {"fields": {"voti": 29, "candidato": 27, "sezione": 15, "voti_mod": 37}, "model": "elezioni.voticandidato", "pk": 181}, {"fields": {"voti": 3, "candidato": 26, "sezione": 15, "voti_mod": 4}, "model": "elezioni.voticandidato", "pk": 182}, {"fields": {"voti": 68, "candidato": 23, "sezione": 15, "voti_mod": 87}, "model": "elezioni.voticandidato", "pk": 183}, {"fields": {"voti": 12, "candidato": 25, "sezione": 16, "voti_mod": 11}, "model": "elezioni.voticandidato", "pk": 184}, {"fields": {"voti": 26, "candidato": 24, "sezione": 16, "voti_mod": 25}, "model": "elezioni.voticandidato", "pk": 185}, {"fields": {"voti": 89, "candidato": 22, "sezione": 16, "voti_mod": 84}, "model": "elezioni.voticandidato", "pk": 186}, {"fields": {"voti": 19, "candidato": 27, "sezione": 16, "voti_mod": 18}, "model": "elezioni.voticandidato", "pk": 187}, {"fields": {"voti": 6, "candidato": 26, "sezione": 16, "voti_mod": 6}, "model": "elezioni.voticandidato", "pk": 188}, {"fields": {"voti": 97, "candidato": 23, "sezione": 16, "voti_mod": 92}, "model": "elezioni.voticandidato", "pk": 189}, {"fields": {"voti": 12, "candidato": 25, "sezione": 17, "voti_mod": 7}, "model": "elezioni.voticandidato", "pk": 190}, {"fields": {"voti": 57, "candidato": 24, "sezione": 17, "voti_mod": 35}, "model": "elezioni.voticandidato", "pk": 191}, {"fields": {"voti": 133, "candidato": 22, "sezione": 17, "voti_mod": 82}, "model": "elezioni.voticandidato", "pk": 192}, {"fields": {"voti": 36, "candidato": 27, "sezione": 17, "voti_mod": 22}, "model": "elezioni.voticandidato", "pk": 193}, {"fields": {"voti": 9, "candidato": 26, "sezione": 17, "voti_mod": 6}, "model": "elezioni.voticandidato", "pk": 194}, {"fields": {"voti": 142, "candidato": 23, "sezione": 17, "voti_mod": 87}, "model": "elezioni.voticandidato", "pk": 195}, {"fields": {"voti": 11, "candidato": 25, "sezione": 18, "voti_mod": 14}, "model": "elezioni.voticandidato", "pk": 196}, {"fields": {"voti": 19, "candidato": 24, "sezione": 18, "voti_mod": 24}, "model": "elezioni.voticandidato", "pk": 197}, {"fields": {"voti": 92, "candidato": 22, "sezione": 18, "voti_mod": 116}, "model": "elezioni.voticandidato", "pk": 198}, {"fields": {"voti": 22, "candidato": 27, "sezione": 18, "voti_mod": 28}, "model": "elezioni.voticandidato", "pk": 199}, {"fields": {"voti": 4, "candidato": 26, "sezione": 18, "voti_mod": 5}, "model": "elezioni.voticandidato", "pk": 200}, {"fields": {"voti": 91, "candidato": 23, "sezione": 18, "voti_mod": 115}, "model": "elezioni.voticandidato", "pk": 201}, {"fields": {"voti": 11, "candidato": 31, "sezione": 19, "voti_mod": 4}, "model": "elezioni.voticandidato", "pk": 202}, {"fields": {"voti": 55, "candidato": 33, "sezione": 19, "voti_mod": 20}, "model": "elezioni.voticandidato", "pk": 203}, {"fields": {"voti": 144, "candidato": 30, "sezione": 19, "voti_mod": 53}, "model": "elezioni.voticandidato", "pk": 204}, {"fields": {"voti": 3, "candidato": 29, "sezione": 19, "voti_mod": 1}, "model": "elezioni.voticandidato", "pk": 205}, {"fields": {"voti": 44, "candidato": 32, "sezione": 19, "voti_mod": 16}, "model": "elezioni.voticandidato", "pk": 206}, {"fields": {"voti": 12, "candidato": 35, "sezione": 19, "voti_mod": 4}, "model": "elezioni.voticandidato", "pk": 207}, {"fields": {"voti": 12, "candidato": 28, "sezione": 19, "voti_mod": 4}, "model": "elezioni.voticandidato", "pk": 208}, {"fields": {"voti": 9, "candidato": 36, "sezione": 19, "voti_mod": 3}, "model": "elezioni.voticandidato", "pk": 209}, {"fields": {"voti": 7, "candidato": 34, "sezione": 19, "voti_mod": 2}, "model": "elezioni.voticandidato", "pk": 210}, {"fields": {"voti": 6, "candidato": 31, "sezione": 20, "voti_mod": 1}, "model": "elezioni.voticandidato", "pk": 211}, {"fields": {"voti": 31, "candidato": 33, "sezione": 20, "voti_mod": 10}, "model": "elezioni.voticandidato", "pk": 212}, {"fields": {"voti": 250, "candidato": 30, "sezione": 20, "voti_mod": 81}, "model": "elezioni.voticandidato", "pk": 213}, {"fields": {"voti": 44, "candidato": 29, "sezione": 20, "voti_mod": 14}, "model": "elezioni.voticandidato", "pk": 214}, {"fields": {"voti": 6, "candidato": 32, "sezione": 20, "voti_mod": 1}, "model": "elezioni.voticandidato", "pk": 215}, {"fields": {"voti": 9, "candidato": 35, "sezione": 20, "voti_mod": 2}, "model": "elezioni.voticandidato", "pk": 216}, {"fields": {"voti": 30, "candidato": 28, "sezione": 20, "voti_mod": 9}, "model": "elezioni.voticandidato", "pk": 217}, {"fields": {"voti": 21, "candidato": 36, "sezione": 20, "voti_mod": 6}, "model": "elezioni.voticandidato", "pk": 218}, {"fields": {"voti": 81, "candidato": 34, "sezione": 20, "voti_mod": 26}, "model": "elezioni.voticandidato", "pk": 219}, {"fields": {"voti": 23, "candidato": 31, "sezione": 21, "voti_mod": 6}, "model": "elezioni.voticandidato", "pk": 220}, {"fields": {"voti": 6, "candidato": 33, "sezione": 21, "voti_mod": 1}, "model": "elezioni.voticandidato", "pk": 221}, {"fields": {"voti": 57, "candidato": 30, "sezione": 21, "voti_mod": 16}, "model": "elezioni.voticandidato", "pk": 222}, {"fields": {"voti": 2, "candidato": 29, "sezione": 21, "voti_mod": 0}, "model": "elezioni.voticandidato", "pk": 223}, {"fields": {"voti": 5, "candidato": 32, "sezione": 21, "voti_mod": 1}, "model": "elezioni.voticandidato", "pk": 224}, {"fields": {"voti": 0, "candidato": 35, "sezione": 21, "voti_mod": 0}, "model": "elezioni.voticandidato", "pk": 225}, {"fields": {"voti": 1, "candidato": 28, "sezione": 21, "voti_mod": 0}, "model": "elezioni.voticandidato", "pk": 226}, {"fields": {"voti": 9, "candidato": 36, "sezione": 21, "voti_mod": 2}, "model": "elezioni.voticandidato", "pk": 227}, {"fields": {"voti": 7, "candidato": 34, "sezione": 21, "voti_mod": 2}, "model": "elezioni.voticandidato", "pk": 228}, {"fields": {"voti": 20, "candidato": 42, "sezione": 22, "voti_mod": 18}, "model": "elezioni.voticandidato", "pk": 237}, {"fields": {"voti": 80, "candidato": 41, "sezione": 22, "voti_mod": 73}, "model": "elezioni.voticandidato", "pk": 238}, {"fields": {"voti": 40, "candidato": 40, "sezione": 22, "voti_mod": 37}, "model": "elezioni.voticandidato", "pk": 239}, {"fields": {"voti": 60, "candidato": 39, "sezione": 22, "voti_mod": 55}, "model": "elezioni.voticandidato", "pk": 240}, {"fields": {"voti": 45, "candidato": 42, "sezione": 23, "voti_mod": 137}, "model": "elezioni.voticandidato", "pk": 241}, {"fields": {"voti": 21, "candidato": 41, "sezione": 23, "voti_mod": 64}, "model": "elezioni.voticandidato", "pk": 242}, {"fields": {"voti": 77, "candidato": 40, "sezione": 23, "voti_mod": 235}, "model": "elezioni.voticandidato", "pk": 243}, {"fields": {"voti": 98, "candidato": 39, "sezione": 23, "voti_mod": 298}, "model": "elezioni.voticandidato", "pk": 244}, {"fields": {"voti": 90, "candidato": 42, "sezione": 24, "voti_mod": 190}, "model": "elezioni.voticandidato", "pk": 245}, {"fields": {"voti": 10, "candidato": 41, "sezione": 24, "voti_mod": 21}, "model": "elezioni.voticandidato", "pk": 246}, {"fields": {"voti": 60, "candidato": 40, "sezione": 24, "voti_mod": 127}, "model": "elezioni.voticandidato", "pk": 247}, {"fields": {"voti": 30, "candidato": 39, "sezione": 24, "voti_mod": 63}, "model": "elezioni.voticandidato", "pk": 248}, {"fields": {"voti": 76, "candidato": 42, "sezione": 25, "voti_mod": 91}, "model": "elezioni.voticandidato", "pk": 249}, {"fields": {"voti": 99, "candidato": 41, "sezione": 25, "voti_mod": 118}, "model": "elezioni.voticandidato", "pk": 250}, {"fields": {"voti": 45, "candidato": 40, "sezione": 25, "voti_mod": 54}, "model": "elezioni.voticandidato", "pk": 251}, {"fields": {"voti": 88, "candidato": 39, "sezione": 25, "voti_mod": 105}, "model": "elezioni.voticandidato", "pk": 252}, {"fields": {"voti": 39, "candidato": 42, "sezione": 26, "voti_mod": 17}, "model": "elezioni.voticandidato", "pk": 253}, {"fields": {"voti": 30, "candidato": 41, "sezione": 26, "voti_mod": 13}, "model": "elezioni.voticandidato", "pk": 254}, {"fields": {"voti": 99, "candidato": 40, "sezione": 26, "voti_mod": 44}, "model": "elezioni.voticandidato", "pk": 255}, {"fields": {"voti": 120, "candidato": 39, "sezione": 26, "voti_mod": 53}, "model": "elezioni.voticandidato", "pk": 256}, {"fields": {"voti": 0, "lista": 1, "sezione": 2, "voti_mod": 0}, "model": "elezioni.votilista", "pk": 132}, {"fields": {"voti": 0, "lista": 1, "sezione": 3, "voti_mod": 0}, "model": "elezioni.votilista", "pk": 133}, {"fields": {"voti": 0, "lista": 1, "sezione": 4, "voti_mod": 0}, "model": "elezioni.votilista", "pk": 134}, {"fields": {"voti": 0, "lista": 2, "sezione": 2, "voti_mod": 0}, "model": "elezioni.votilista", "pk": 135}, {"fields": {"voti": 0, "lista": 2, "sezione": 3, "voti_mod": 0}, "model": "elezioni.votilista", "pk": 136}, {"fields": {"voti": 0, "lista": 2, "sezione": 4, "voti_mod": 0}, "model": "elezioni.votilista", "pk": 137}, {"fields": {"voti": 53, "lista": 3, "sezione": 9, "voti_mod": 20}, "model": "elezioni.votilista", "pk": 146}, {"fields": {"voti": 12, "lista": 3, "sezione": 10, "voti_mod": 233}, "model": "elezioni.votilista", "pk": 147}, {"fields": {"voti": 245, "lista": 3, "sezione": 11, "voti_mod": 47}, "model": "elezioni.votilista", "pk": 148}, {"fields": {"voti": 0, "lista": 3, "sezione": 12, "voti_mod": 0}, "model": "elezioni.votilista", "pk": 149}, {"fields": {"voti": 23, "lista": 4, "sezione": 9, "voti_mod": 9}, "model": "elezioni.votilista", "pk": 150}, {"fields": {"voti": 0, "lista": 4, "sezione": 10, "voti_mod": 0}, "model": "elezioni.votilista", "pk": 151}, {"fields": {"voti": 55, "lista": 4, "sezione": 11, "voti_mod": 10}, "model": "elezioni.votilista", "pk": 152}, {"fields": {"voti": 0, "lista": 4, "sezione": 12, "voti_mod": 0}, "model": "elezioni.votilista", "pk": 153}, {"fields": {"voti": 3, "lista": 5, "sezione": 9, "voti_mod": 1}, "model": "elezioni.votilista", "pk": 154}, {"fields": {"voti": 0, "lista": 5, "sezione": 10, "voti_mod": 0}, "model": "elezioni.votilista", "pk": 155}, {"fields": {"voti": 34, "lista": 5, "sezione": 11, "voti_mod": 6}, "model": "elezioni.votilista", "pk": 156}, {"fields": {"voti": 6, "lista": 5, "sezione": 12, "voti_mod": 14}, "model": "elezioni.votilista", "pk": 157}, {"fields": {"voti": 12, "lista": 6, "sezione": 9, "voti_mod": 4}, "model": "elezioni.votilista", "pk": 158}, {"fields": {"voti": 0, "lista": 6, "sezione": 10, "voti_mod": 0}, "model": "elezioni.votilista", "pk": 159}, {"fields": {"voti": 22, "lista": 6, "sezione": 11, "voti_mod": 4}, "model": "elezioni.votilista", "pk": 160}, {"fields": {"voti": 0, "lista": 6, "sezione": 12, "voti_mod": 0}, "model": "elezioni.votilista", "pk": 161}, {"fields": {"voti": 9, "lista": 7, "sezione": 9, "voti_mod": 3}, "model": "elezioni.votilista", "pk": 162}, {"fields": {"voti": 0, "lista": 7, "sezione": 10, "voti_mod": 0}, "model": "elezioni.votilista", "pk": 163}, {"fields": {"voti": 4, "lista": 7, "sezione": 11, "voti_mod": 1}, "model": "elezioni.votilista", "pk": 164}, {"fields": {"voti": 0, "lista": 7, "sezione": 12, "voti_mod": 0}, "model": "elezioni.votilista", "pk": 165}, {"fields": {"voti": 1, "lista": 8, "sezione": 9, "voti_mod": 0}, "model": "elezioni.votilista", "pk": 166}, {"fields": {"voti": 0, "lista": 8, "sezione": 10, "voti_mod": 0}, "model": "elezioni.votilista", "pk": 167}, {"fields": {"voti": 44, "lista": 8, "sezione": 11, "voti_mod": 8}, "model": "elezioni.votilista", "pk": 168}, {"fields": {"voti": 0, "lista": 8, "sezione": 12, "voti_mod": 0}, "model": "elezioni.votilista", "pk": 169}, {"fields": {"voti": 0, "lista": 9, "sezione": 9, "voti_mod": 0}, "model": "elezioni.votilista", "pk": 170}, {"fields": {"voti": 0, "lista": 9, "sezione": 10, "voti_mod": 0}, "model": "elezioni.votilista", "pk": 171}, {"fields": {"voti": 12, "lista": 9, "sezione": 11, "voti_mod": 2}, "model": "elezioni.votilista", "pk": 172}, {"fields": {"voti": 0, "lista": 9, "sezione": 12, "voti_mod": 0}, "model": "elezioni.votilista", "pk": 173}, {"fields": {"voti": 14, "lista": 10, "sezione": 9, "voti_mod": 5}, "model": "elezioni.votilista", "pk": 174}, {"fields": {"voti": 0, "lista": 10, "sezione": 10, "voti_mod": 0}, "model": "elezioni.votilista", "pk": 175}, {"fields": {"voti": 32, "lista": 10, "sezione": 11, "voti_mod": 6}, "model": "elezioni.votilista", "pk": 176}, {"fields": {"voti": 0, "lista": 10, "sezione": 12, "voti_mod": 0}, "model": "elezioni.votilista", "pk": 177}, {"fields": {"voti": 0, "lista": 11, "sezione": 9, "voti_mod": 0}, "model": "elezioni.votilista", "pk": 178}, {"fields": {"voti": 0, "lista": 11, "sezione": 10, "voti_mod": 0}, "model": "elezioni.votilista", "pk": 179}, {"fields": {"voti": 25, "lista": 11, "sezione": 11, "voti_mod": 5}, "model": "elezioni.votilista", "pk": 180}, {"fields": {"voti": 0, "lista": 11, "sezione": 12, "voti_mod": 0}, "model": "elezioni.votilista", "pk": 181}, {"fields": {"voti": 4, "lista": 12, "sezione": 9, "voti_mod": 1}, "model": "elezioni.votilista", "pk": 182}, {"fields": {"voti": 0, "lista": 12, "sezione": 10, "voti_mod": 0}, "model": "elezioni.votilista", "pk": 183}, {"fields": {"voti": 15, "lista": 12, "sezione": 11, "voti_mod": 3}, "model": "elezioni.votilista", "pk": 184}, {"fields": {"voti": 0, "lista": 12, "sezione": 12, "voti_mod": 0}, "model": "elezioni.votilista", "pk": 185}, {"fields": {"voti": 7, "lista": 13, "sezione": 9, "voti_mod": 3}, "model": "elezioni.votilista", "pk": 186}, {"fields": {"voti": 0, "lista": 13, "sezione": 10, "voti_mod": 0}, "model": "elezioni.votilista", "pk": 187}, {"fields": {"voti": 5, "lista": 13, "sezione": 11, "voti_mod": 1}, "model": "elezioni.votilista", "pk": 188}, {"fields": {"voti": 0, "lista": 13, "sezione": 12, "voti_mod": 0}, "model": "elezioni.votilista", "pk": 189}, {"fields": {"voti": 0, "lista": 14, "sezione": 9, "voti_mod": 0}, "model": "elezioni.votilista", "pk": 190}, {"fields": {"voti": 0, "lista": 14, "sezione": 10, "voti_mod": 0}, "model": "elezioni.votilista", "pk": 191}, {"fields": {"voti": 77, "lista": 14, "sezione": 11, "voti_mod": 15}, "model": "elezioni.votilista", "pk": 192}, {"fields": {"voti": 0, "lista": 14, "sezione": 12, "voti_mod": 0}, "model": "elezioni.votilista", "pk": 193}, {"fields": {"voti": 0, "lista": 15, "sezione": 9, "voti_mod": 0}, "model": "elezioni.votilista", "pk": 194}, {"fields": {"voti": 0, "lista": 15, "sezione": 10, "voti_mod": 0}, "model": "elezioni.votilista", "pk": 195}, {"fields": {"voti": 32, "lista": 15, "sezione": 11, "voti_mod": 6}, "model": "elezioni.votilista", "pk": 196}, {"fields": {"voti": 0, "lista": 15, "sezione": 12, "voti_mod": 0}, "model": "elezioni.votilista", "pk": 197}, {"fields": {"voti": 0, "lista": 16, "sezione": 9, "voti_mod": 0}, "model": "elezioni.votilista", "pk": 198}, {"fields": {"voti": 0, "lista": 16, "sezione": 10, "voti_mod": 0}, "model": "elezioni.votilista", "pk": 199}, {"fields": {"voti": 47, "lista": 16, "sezione": 11, "voti_mod": 9}, "model": "elezioni.votilista", "pk": 200}, {"fields": {"voti": 0, "lista": 16, "sezione": 12, "voti_mod": 0}, "model": "elezioni.votilista", "pk": 201}, {"fields": {"voti": 0, "lista": 17, "sezione": 9, "voti_mod": 0}, "model": "elezioni.votilista", "pk": 202}, {"fields": {"voti": 0, "lista": 17, "sezione": 10, "voti_mod": 0}, "model": "elezioni.votilista", "pk": 203}, {"fields": {"voti": 3, "lista": 17, "sezione": 11, "voti_mod": 1}, "model": "elezioni.votilista", "pk": 204}, {"fields": {"voti": 0, "lista": 17, "sezione": 12, "voti_mod": 0}, "model": "elezioni.votilista", "pk": 205}, {"fields": {"voti": 3, "lista": 18, "sezione": 9, "voti_mod": 1}, "model": "elezioni.votilista", "pk": 206}, {"fields": {"voti": 0, "lista": 18, "sezione": 10, "voti_mod": 0}, "model": "elezioni.votilista", "pk": 207}, {"fields": {"voti": 8, "lista": 18, "sezione": 11, "voti_mod": 2}, "model": "elezioni.votilista", "pk": 208}, {"fields": {"voti": 0, "lista": 18, "sezione": 12, "voti_mod": 0}, "model": "elezioni.votilista", "pk": 209}, {"fields": {"voti": 0, "lista": 19, "sezione": 9, "voti_mod": 0}, "model": "elezioni.votilista", "pk": 210}, {"fields": {"voti": 0, "lista": 19, "sezione": 10, "voti_mod": 0}, "model": "elezioni.votilista", "pk": 211}, {"fields": {"voti": 23, "lista": 19, "sezione": 11, "voti_mod": 4}, "model": "elezioni.votilista", "pk": 212}, {"fields": {"voti": 0, "lista": 19, "sezione": 12, "voti_mod": 0}, "model": "elezioni.votilista", "pk": 213}, {"fields": {"voti": 8, "lista": 20, "sezione": 9, "voti_mod": 3}, "model": "elezioni.votilista", "pk": 214}, {"fields": {"voti": 0, "lista": 20, "sezione": 10, "voti_mod": 0}, "model": "elezioni.votilista", "pk": 215}, {"fields": {"voti": 4, "lista": 20, "sezione": 11, "voti_mod": 1}, "model": "elezioni.votilista", "pk": 216}, {"fields": {"voti": 0, "lista": 20, "sezione": 12, "voti_mod": 0}, "model": "elezioni.votilista", "pk": 217}, {"fields": {"voti": 0, "lista": 21, "sezione": 9, "voti_mod": 0}, "model": "elezioni.votilista", "pk": 218}, {"fields": {"voti": 0, "lista": 21, "sezione": 10, "voti_mod": 0}, "model": "elezioni.votilista", "pk": 219}, {"fields": {"voti": 4, "lista": 21, "sezione": 11, "voti_mod": 1}, "model": "elezioni.votilista", "pk": 220}, {"fields": {"voti": 0, "lista": 21, "sezione": 12, "voti_mod": 0}, "model": "elezioni.votilista", "pk": 221}, {"fields": {"voti": 22, "lista": 22, "sezione": 9, "voti_mod": 8}, "model": "elezioni.votilista", "pk": 222}, {"fields": {"voti": 0, "lista": 22, "sezione": 10, "voti_mod": 0}, "model": "elezioni.votilista", "pk": 223}, {"fields": {"voti": 6, "lista": 22, "sezione": 11, "voti_mod": 1}, "model": "elezioni.votilista", "pk": 224}, {"fields": {"voti": 0, "lista": 22, "sezione": 12, "voti_mod": 0}, "model": "elezioni.votilista", "pk": 225}, {"fields": {"voti": 0, "lista": 23, "sezione": 9, "voti_mod": 0}, "model": "elezioni.votilista", "pk": 226}, {"fields": {"voti": 0, "lista": 23, "sezione": 10, "voti_mod": 0}, "model": "elezioni.votilista", "pk": 227}, {"fields": {"voti": 8, "lista": 23, "sezione": 11, "voti_mod": 2}, "model": "elezioni.votilista", "pk": 228}, {"fields": {"voti": 0, "lista": 23, "sezione": 12, "voti_mod": 0}, "model": "elezioni.votilista", "pk": 229}, {"fields": {"voti": 2, "lista": 24, "sezione": 9, "voti_mod": 1}, "model": "elezioni.votilista", "pk": 230}, {"fields": {"voti": 0, "lista": 24, "sezione": 10, "voti_mod": 0}, "model": "elezioni.votilista", "pk": 231}, {"fields": {"voti": 18, "lista": 24, "sezione": 11, "voti_mod": 3}, "model": "elezioni.votilista", "pk": 232}, {"fields": {"voti": 0, "lista": 24, "sezione": 12, "voti_mod": 0}, "model": "elezioni.votilista", "pk": 233}, {"fields": {"voti": 0, "lista": 25, "sezione": 9, "voti_mod": 0}, "model": "elezioni.votilista", "pk": 234}, {"fields": {"voti": 0, "lista": 25, "sezione": 10, "voti_mod": 0}, "model": "elezioni.votilista", "pk": 235}, {"fields": {"voti": 27, "lista": 25, "sezione": 11, "voti_mod": 5}, "model": "elezioni.votilista", "pk": 236}, {"fields": {"voti": 0, "lista": 25, "sezione": 12, "voti_mod": 0}, "model": "elezioni.votilista", "pk": 237}, {"fields": {"voti": 5, "lista": 26, "sezione": 9, "voti_mod": 2}, "model": "elezioni.votilista", "pk": 238}, {"fields": {"voti": 0, "lista": 26, "sezione": 10, "voti_mod": 0}, "model": "elezioni.votilista", "pk": 239}, {"fields": {"voti": 22, "lista": 26, "sezione": 11, "voti_mod": 4}, "model": "elezioni.votilista", "pk": 240}, {"fields": {"voti": 0, "lista": 26, "sezione": 12, "voti_mod": 0}, "model": "elezioni.votilista", "pk": 241}, {"fields": {"voti": 0, "lista": 27, "sezione": 9, "voti_mod": 0}, "model": "elezioni.votilista", "pk": 242}, {"fields": {"voti": 0, "lista": 27, "sezione": 10, "voti_mod": 0}, "model": "elezioni.votilista", "pk": 243}, {"fields": {"voti": 1, "lista": 27, "sezione": 11, "voti_mod": 0}, "model": "elezioni.votilista", "pk": 244}, {"fields": {"voti": 0, "lista": 27, "sezione": 12, "voti_mod": 0}, "model": "elezioni.votilista", "pk": 245}, {"fields": {"voti": 0, "lista": 28, "sezione": 9, "voti_mod": 0}, "model": "elezioni.votilista", "pk": 246}, {"fields": {"voti": 0, "lista": 28, "sezione": 10, "voti_mod": 0}, "model": "elezioni.votilista", "pk": 247}, {"fields": {"voti": 3, "lista": 28, "sezione": 11, "voti_mod": 1}, "model": "elezioni.votilista", "pk": 248}, {"fields": {"voti": 0, "lista": 28, "sezione": 12, "voti_mod": 0}, "model": "elezioni.votilista", "pk": 249}, {"fields": {"voti": 23, "lista": 29, "sezione": 9, "voti_mod": 9}, "model": "elezioni.votilista", "pk": 250}, {"fields": {"voti": 0, "lista": 29, "sezione": 10, "voti_mod": 0}, "model": "elezioni.votilista", "pk": 251}, {"fields": {"voti": 23, "lista": 29, "sezione": 11, "voti_mod": 4}, "model": "elezioni.votilista", "pk": 252}, {"fields": {"voti": 0, "lista": 29, "sezione": 12, "voti_mod": 0}, "model": "elezioni.votilista", "pk": 253}, {"fields": {"voti": 0, "lista": 30, "sezione": 9, "voti_mod": 0}, "model": "elezioni.votilista", "pk": 254}, {"fields": {"voti": 0, "lista": 30, "sezione": 10, "voti_mod": 0}, "model": "elezioni.votilista", "pk": 255}, {"fields": {"voti": 9, "lista": 30, "sezione": 11, "voti_mod": 2}, "model": "elezioni.votilista", "pk": 256}, {"fields": {"voti": 0, "lista": 30, "sezione": 12, "voti_mod": 0}, "model": "elezioni.votilista", "pk": 257}, {"fields": {"voti": 9, "lista": 31, "sezione": 9, "voti_mod": 3}, "model": "elezioni.votilista", "pk": 258}, {"fields": {"voti": 0, "lista": 31, "sezione": 10, "voti_mod": 0}, "model": "elezioni.votilista", "pk": 259}, {"fields": {"voti": 17, "lista": 31, "sezione": 11, "voti_mod": 3}, "model": "elezioni.votilista", "pk": 260}, {"fields": {"voti": 23, "lista": 31, "sezione": 12, "voti_mod": 52}, "model": "elezioni.votilista", "pk": 261}, {"fields": {"voti": 2, "lista": 32, "sezione": 9, "voti_mod": 1}, "model": "elezioni.votilista", "pk": 262}, {"fields": {"voti": 0, "lista": 32, "sezione": 10, "voti_mod": 0}, "model": "elezioni.votilista", "pk": 263}, {"fields": {"voti": 2, "lista": 32, "sezione": 11, "voti_mod": 0}, "model": "elezioni.votilista", "pk": 264}, {"fields": {"voti": 4, "lista": 32, "sezione": 12, "voti_mod": 9}, "model": "elezioni.votilista", "pk": 265}, {"fields": {"voti": 11, "lista": 33, "sezione": 9, "voti_mod": 4}, "model": "elezioni.votilista", "pk": 266}, {"fields": {"voti": 0, "lista": 33, "sezione": 10, "voti_mod": 0}, "model": "elezioni.votilista", "pk": 267}, {"fields": {"voti": 10, "lista": 33, "sezione": 11, "voti_mod": 2}, "model": "elezioni.votilista", "pk": 268}, {"fields": {"voti": 0, "lista": 33, "sezione": 12, "voti_mod": 0}, "model": "elezioni.votilista", "pk": 269}, {"fields": {"voti": 5, "lista": 34, "sezione": 9, "voti_mod": 2}, "model": "elezioni.votilista", "pk": 270}, {"fields": {"voti": 0, "lista": 34, "sezione": 10, "voti_mod": 0}, "model": "elezioni.votilista", "pk": 271}, {"fields": {"voti": 2, "lista": 34, "sezione": 11, "voti_mod": 0}, "model": "elezioni.votilista", "pk": 272}, {"fields": {"voti": 0, "lista": 34, "sezione": 12, "voti_mod": 0}, "model": "elezioni.votilista", "pk": 273}, {"fields": {"voti": 10, "lista": 35, "sezione": 22, "voti_mod": 19}, "model": "elezioni.votilista", "pk": 274}, {"fields": {"voti": 0, "lista": 35, "sezione": 23, "voti_mod": 0}, "model": "elezioni.votilista", "pk": 275}, {"fields": {"voti": 13, "lista": 35, "sezione": 24, "voti_mod": 45}, "model": "elezioni.votilista", "pk": 276}, {"fields": {"voti": 0, "lista": 35, "sezione": 25, "voti_mod": 0}, "model": "elezioni.votilista", "pk": 277}, {"fields": {"voti": 0, "lista": 35, "sezione": 26, "voti_mod": 0}, "model": "elezioni.votilista", "pk": 278}, {"fields": {"voti": 6, "lista": 36, "sezione": 22, "voti_mod": 11}, "model": "elezioni.votilista", "pk": 279}, {"fields": {"voti": 0, "lista": 36, "sezione": 23, "voti_mod": 0}, "model": "elezioni.votilista", "pk": 280}, {"fields": {"voti": 2, "lista": 36, "sezione": 24, "voti_mod": 7}, "model": "elezioni.votilista", "pk": 281}, {"fields": {"voti": 0, "lista": 36, "sezione": 25, "voti_mod": 0}, "model": "elezioni.votilista", "pk": 282}, {"fields": {"voti": 0, "lista": 36, "sezione": 26, "voti_mod": 0}, "model": "elezioni.votilista", "pk": 283}, {"fields": {"voti": 12, "lista": 37, "sezione": 22, "voti_mod": 22}, "model": "elezioni.votilista", "pk": 284}, {"fields": {"voti": 0, "lista": 37, "sezione": 23, "voti_mod": 0}, "model": "elezioni.votilista", "pk": 285}, {"fields": {"voti": 33, "lista": 37, "sezione": 24, "voti_mod": 114}, "model": "elezioni.votilista", "pk": 286}, {"fields": {"voti": 0, "lista": 37, "sezione": 25, "voti_mod": 0}, "model": "elezioni.votilista", "pk": 287}, {"fields": {"voti": 0, "lista": 37, "sezione": 26, "voti_mod": 0}, "model": "elezioni.votilista", "pk": 288}, {"fields": {"voti": 32, "lista": 38, "sezione": 22, "voti_mod": 60}, "model": "elezioni.votilista", "pk": 289}, {"fields": {"voti": 0, "lista": 38, "sezione": 23, "voti_mod": 0}, "model": "elezioni.votilista", "pk": 290}, {"fields": {"voti": 2, "lista": 38, "sezione": 24, "voti_mod": 7}, "model": "elezioni.votilista", "pk": 291}, {"fields": {"voti": 0, "lista": 38, "sezione": 25, "voti_mod": 0}, "model": "elezioni.votilista", "pk": 292}, {"fields": {"voti": 0, "lista": 38, "sezione": 26, "voti_mod": 0}, "model": "elezioni.votilista", "pk": 293}, {"fields": {"voti": 2, "lista": 39, "sezione": 22, "voti_mod": 4}, "model": "elezioni.votilista", "pk": 294}, {"fields": {"voti": 0, "lista": 39, "sezione": 23, "voti_mod": 0}, "model": "elezioni.votilista", "pk": 295}, {"fields": {"voti": 13, "lista": 39, "sezione": 24, "voti_mod": 45}, "model": "elezioni.votilista", "pk": 296}, {"fields": {"voti": 0, "lista": 39, "sezione": 25, "voti_mod": 0}, "model": "elezioni.votilista", "pk": 297}, {"fields": {"voti": 0, "lista": 39, "sezione": 26, "voti_mod": 0}, "model": "elezioni.votilista", "pk": 298}, {"fields": {"voti": 12, "lista": 40, "sezione": 22, "voti_mod": 22}, "model": "elezioni.votilista", "pk": 299}, {"fields": {"voti": 0, "lista": 40, "sezione": 23, "voti_mod": 0}, "model": "elezioni.votilista", "pk": 300}, {"fields": {"voti": 7, "lista": 40, "sezione": 24, "voti_mod": 24}, "model": "elezioni.votilista", "pk": 301}, {"fields": {"voti": 0, "lista": 40, "sezione": 25, "voti_mod": 0}, "model": "elezioni.votilista", "pk": 302}, {"fields": {"voti": 0, "lista": 40, "sezione": 26, "voti_mod": 0}, "model": "elezioni.votilista", "pk": 303}, {"fields": {"voti": 8, "lista": 41, "sezione": 22, "voti_mod": 15}, "model": "elezioni.votilista", "pk": 304}, {"fields": {"voti": 0, "lista": 41, "sezione": 23, "voti_mod": 0}, "model": "elezioni.votilista", "pk": 305}, {"fields": {"voti": 63, "lista": 41, "sezione": 24, "voti_mod": 218}, "model": "elezioni.votilista", "pk": 306}, {"fields": {"voti": 0, "lista": 41, "sezione": 25, "voti_mod": 0}, "model": "elezioni.votilista", "pk": 307}, {"fields": {"voti": 0, "lista": 41, "sezione": 26, "voti_mod": 0}, "model": "elezioni.votilista", "pk": 308}, {"fields": {"codename": "add_logentry", "name": "Can add log entry", "content_type": 1}, "model": "auth.permission", "pk": 1}, {"fields": {"codename": "change_logentry", "name": "Can change log entry", "content_type": 1}, "model": "auth.permission", "pk": 2}, {"fields": {"codename": "delete_logentry", "name": "Can delete log entry", "content_type": 1}, "model": "auth.permission", "pk": 3}, {"fields": {"codename": "add_permission", "name": "Can add permission", "content_type": 2}, "model": "auth.permission", "pk": 4}, {"fields": {"codename": "change_permission", "name": "Can change permission", "content_type": 2}, "model": "auth.permission", "pk": 5}, {"fields": {"codename": "delete_permission", "name": "Can delete permission", "content_type": 2}, "model": "auth.permission", "pk": 6}, {"fields": {"codename": "add_group", "name": "Can add group", "content_type": 3}, "model": "auth.permission", "pk": 7}, {"fields": {"codename": "change_group", "name": "Can change group", "content_type": 3}, "model": "auth.permission", "pk": 8}, {"fields": {"codename": "delete_group", "name": "Can delete group", "content_type": 3}, "model": "auth.permission", "pk": 9}, {"fields": {"codename": "add_user", "name": "Can add user", "content_type": 4}, "model": "auth.permission", "pk": 10}, {"fields": {"codename": "change_user", "name": "Can change user", "content_type": 4}, "model": "auth.permission", "pk": 11}, {"fields": {"codename": "delete_user", "name": "Can delete user", "content_type": 4}, "model": "auth.permission", "pk": 12}, {"fields": {"codename": "add_contenttype", "name": "Can add content type", "content_type": 5}, "model": "auth.permission", "pk": 13}, {"fields": {"codename": "change_contenttype", "name": "Can change content type", "content_type": 5}, "model": "auth.permission", "pk": 14}, {"fields": {"codename": "delete_contenttype", "name": "Can delete content type", "content_type": 5}, "model": "auth.permission", "pk": 15}, {"fields": {"codename": "add_session", "name": "Can add session", "content_type": 6}, "model": "auth.permission", "pk": 16}, {"fields": {"codename": "change_session", "name": "Can change session", "content_type": 6}, "model": "auth.permission", "pk": 17}, {"fields": {"codename": "delete_session", "name": "Can delete session", "content_type": 6}, "model": "auth.permission", "pk": 18}, {"fields": {"codename": "add_elezione", "name": "Can add elezione", "content_type": 7}, "model": "auth.permission", "pk": 19}, {"fields": {"codename": "change_elezione", "name": "Can change elezione", "content_type": 7}, "model": "auth.permission", "pk": 20}, {"fields": {"codename": "delete_elezione", "name": "Can delete elezione", "content_type": 7}, "model": "auth.permission", "pk": 21}, {"fields": {"codename": "add_sezione", "name": "Can add sezione", "content_type": 8}, "model": "auth.permission", "pk": 22}, {"fields": {"codename": "change_sezione", "name": "Can change sezione", "content_type": 8}, "model": "auth.permission", "pk": 23}, {"fields": {"codename": "delete_sezione", "name": "Can delete sezione", "content_type": 8}, "model": "auth.permission", "pk": 24}, {"fields": {"codename": "add_candidato", "name": "Can add candidato", "content_type": 9}, "model": "auth.permission", "pk": 25}, {"fields": {"codename": "change_candidato", "name": "Can change candidato", "content_type": 9}, "model": "auth.permission", "pk": 26}, {"fields": {"codename": "delete_candidato", "name": "Can delete candidato", "content_type": 9}, "model": "auth.permission", "pk": 27}, {"fields": {"codename": "add_lista", "name": "Can add lista", "content_type": 10}, "model": "auth.permission", "pk": 28}, {"fields": {"codename": "change_lista", "name": "Can change lista", "content_type": 10}, "model": "auth.permission", "pk": 29}, {"fields": {"codename": "delete_lista", "name": "Can delete lista", "content_type": 10}, "model": "auth.permission", "pk": 30}, {"fields": {"codename": "add_voticandidato", "name": "Can add voti candidato", "content_type": 11}, "model": "auth.permission", "pk": 31}, {"fields": {"codename": "change_voticandidato", "name": "Can change voti candidato", "content_type": 11}, "model": "auth.permission", "pk": 32}, {"fields": {"codename": "delete_voticandidato", "name": "Can delete voti candidato", "content_type": 11}, "model": "auth.permission", "pk": 33}, {"fields": {"codename": "add_votilista", "name": "Can add voti lista", "content_type": 12}, "model": "auth.permission", "pk": 34}, {"fields": {"codename": "change_votilista", "name": "Can change voti lista", "content_type": 12}, "model": "auth.permission", "pk": 35}, {"fields": {"codename": "delete_votilista", "name": "Can delete voti lista", "content_type": 12}, "model": "auth.permission", "pk": 36}, {"fields": {"name": "Rilevatori", "permissions": []}, "model": "auth.group", "pk": 1}, {"fields": {"name": "Ricercatori", "permissions": []}, "model": "auth.group", "pk": 2}, {"fields": {"username": "cenzino", "first_name": "", "last_name": "", "is_active": true, "is_superuser": true, "is_staff": true, "last_login": "2014-10-14T10:47:28.635Z", "groups": [], "user_permissions": [], "password": "pbkdf2_sha256$12000$6zbg7L9TPPOP$+HiaI+ubVXY4kX88nnwxFj67r/2WsExiTxBtgVv7NGU=", "email": "", "date_joined": "2014-10-06T10:13:35.808Z"}, "model": "auth.user", "pk": 1}, {"fields": {"action_flag": 1, "action_time": "2014-10-06T10:14:29.009Z", "object_repr": "Rilevatori", "object_id": "1", "change_message": "", "user": 1, "content_type": 3}, "model": "admin.logentry", "pk": 1}, {"fields": {"action_flag": 1, "action_time": "2014-10-06T10:14:49.652Z", "object_repr": "Ricercatori", "object_id": "2", "change_message": "", "user": 1, "content_type": 3}, "model": "admin.logentry", "pk": 2}, {"fields": {"action_flag": 1, "action_time": "2014-10-06T13:34:34.408Z", "object_repr": "Elezioni Test", "object_id": "1", "change_message": "", "user": 1, "content_type": 7}, "model": "admin.logentry", "pk": 3}, {"fields": {"action_flag": 2, "action_time": "2014-10-06T13:35:07.851Z", "object_repr": "Elezioni Test", "object_id": "1", "change_message": "Aggiunto/a sezione \"1 Test1\".", "user": 1, "content_type": 7}, "model": "admin.logentry", "pk": 4}, {"fields": {"action_flag": 2, "action_time": "2014-10-06T13:35:45.380Z", "object_repr": "Elezioni Test", "object_id": "1", "change_message": "Cambiato luogo per sezione \"1 Test1\".", "user": 1, "content_type": 7}, "model": "admin.logentry", "pk": 5}, {"fields": {"action_flag": 2, "action_time": "2014-10-06T13:36:12.266Z", "object_repr": "Elezioni Test", "object_id": "1", "change_message": "Aggiunto/a sezione \"2 SezioneTest2\". Cambiato nome per sezione \"1 SezioneTest1\".", "user": 1, "content_type": 7}, "model": "admin.logentry", "pk": 6}, {"fields": {"action_flag": 2, "action_time": "2014-10-06T13:36:31.278Z", "object_repr": "Elezioni Test", "object_id": "1", "change_message": "Aggiunto/a candidato \"Pinco Pallino\".", "user": 1, "content_type": 7}, "model": "admin.logentry", "pk": 7}, {"fields": {"action_flag": 2, "action_time": "2014-10-06T13:36:49.608Z", "object_repr": "Elezioni Test", "object_id": "1", "change_message": "Aggiunto/a candidato \"Pasticcio Ciccio\".", "user": 1, "content_type": 7}, "model": "admin.logentry", "pk": 8}, {"fields": {"action_flag": 2, "action_time": "2014-10-06T13:37:02.468Z", "object_repr": "Elezioni Te", "object_id": "1", "change_message": "titolo modificato/a.", "user": 1, "content_type": 7}, "model": "admin.logentry", "pk": 9}, {"fields": {"action_flag": 2, "action_time": "2014-10-06T13:37:09.240Z", "object_repr": "Elezioni Test", "object_id": "1", "change_message": "titolo modificato/a.", "user": 1, "content_type": 7}, "model": "admin.logentry", "pk": 10}, {"fields": {"action_flag": 2, "action_time": "2014-10-06T13:37:36.263Z", "object_repr": "Elezioni Test", "object_id": "1", "change_message": "Aggiunto/a lista \"Lista Test1\".", "user": 1, "content_type": 7}, "model": "admin.logentry", "pk": 11}, {"fields": {"action_flag": 2, "action_time": "2014-10-06T13:39:08.313Z", "object_repr": "Elezioni Test", "object_id": "1", "change_message": "Aggiunto/a lista \"Lista Test2\".", "user": 1, "content_type": 7}, "model": "admin.logentry", "pk": 12}, {"fields": {"action_flag": 2, "action_time": "2014-10-06T13:56:51.418Z", "object_repr": "Elezioni Test", "object_id": "1", "change_message": "Aggiunto/a sezione \"3 Sezione Test 3\".", "user": 1, "content_type": 7}, "model": "admin.logentry", "pk": 13}, {"fields": {"action_flag": 3, "action_time": "2014-10-06T14:32:47.437Z", "object_repr": "Elezioni Test", "object_id": "1", "change_message": "", "user": 1, "content_type": 7}, "model": "admin.logentry", "pk": 14}, {"fields": {"action_flag": 1, "action_time": "2014-10-06T14:33:36.118Z", "object_repr": "Elezione Test", "object_id": "2", "change_message": "", "user": 1, "content_type": 7}, "model": "admin.logentry", "pk": 15}, {"fields": {"action_flag": 2, "action_time": "2014-10-06T14:37:17.856Z", "object_repr": "Elezione Test", "object_id": "2", "change_message": "Aggiunto/a candidato \"Pasticcio Ciccio\".", "user": 1, "content_type": 7}, "model": "admin.logentry", "pk": 16}, {"fields": {"action_flag": 2, "action_time": "2014-10-06T14:37:37.895Z", "object_repr": "Elezione Test", "object_id": "2", "change_message": "Aggiunto/a lista \"Lista Test1\".", "user": 1, "content_type": 7}, "model": "admin.logentry", "pk": 17}, {"fields": {"action_flag": 1, "action_time": "2014-10-06T14:38:11.983Z", "object_repr": "2 Sezione Test 2", "object_id": "5", "change_message": "", "user": 1, "content_type": 8}, "model": "admin.logentry", "pk": 18}, {"fields": {"action_flag": 1, "action_time": "2014-10-06T14:41:54.353Z", "object_repr": "Regionali 2014", "object_id": "3", "change_message": "", "user": 1, "content_type": 7}, "model": "admin.logentry", "pk": 19}, {"fields": {"action_flag": 2, "action_time": "2014-10-06T14:42:18.968Z", "object_repr": "Regionali 2014", "object_id": "3", "change_message": "Aggiunto/a candidato \"Spasticcio Ciccio\".", "user": 1, "content_type": 7}, "model": "admin.logentry", "pk": 20}, {"fields": {"action_flag": 2, "action_time": "2014-10-06T14:43:00.220Z", "object_repr": "Regionali 2014", "object_id": "3", "change_message": "Aggiunto/a lista \"Lista Regionale\".", "user": 1, "content_type": 7}, "model": "admin.logentry", "pk": 21}, {"fields": {"action_flag": 2, "action_time": "2014-10-06T20:27:04.468Z", "object_repr": "Elezione Test", "object_id": "2", "change_message": "Cambiato candidato per lista \"Lista Test1\".", "user": 1, "content_type": 7}, "model": "admin.logentry", "pk": 22}, {"fields": {"action_flag": 3, "action_time": "2014-10-07T04:57:39.229Z", "object_repr": "Regionali 2014", "object_id": "3", "change_message": "", "user": 1, "content_type": 7}, "model": "admin.logentry", "pk": 23}, {"fields": {"action_flag": 3, "action_time": "2014-10-07T04:57:39.231Z", "object_repr": "Elezione Test", "object_id": "2", "change_message": "", "user": 1, "content_type": 7}, "model": "admin.logentry", "pk": 24}, {"fields": {"action_flag": 1, "action_time": "2014-10-07T05:02:03.035Z", "object_repr": "Reggio Calabria 2014", "object_id": "4", "change_message": "", "user": 1, "content_type": 7}, "model": "admin.logentry", "pk": 25}, {"fields": {"action_flag": 2, "action_time": "2014-10-07T05:03:05.668Z", "object_repr": "Reggio Calabria 2014", "object_id": "4", "change_message": "Aggiunto/a sezione \"1 Reggio Nord\". Aggiunto/a sezione \"2 Reggio Stazione\". Aggiunto/a sezione \"3 Reggio Sud\". Aggiunto/a sezione \"4 Reggio Marina\".", "user": 1, "content_type": 7}, "model": "admin.logentry", "pk": 26}, {"fields": {"action_flag": 2, "action_time": "2014-10-07T05:05:22.008Z", "object_repr": "Reggio Calabria 2014", "object_id": "4", "change_message": "Aggiunto/a candidato \"Chizzoniti Aurelio\". Aggiunto/a candidato \"Dattola Lucio\". Aggiunto/a candidato \"Falcomata Giuseppe\".", "user": 1, "content_type": 7}, "model": "admin.logentry", "pk": 27}, {"fields": {"action_flag": 2, "action_time": "2014-10-07T05:06:56.679Z", "object_repr": "Reggio Calabria 2014", "object_id": "4", "change_message": "Aggiunto/a candidato \"Ferrara Paolo\". Aggiunto/a candidato \"Giordano Vincenzo\". Aggiunto/a candidato \"Morabito Stefano\". Aggiunto/a candidato \"Musarella Giuseppe\". Aggiunto/a candidato \"Scafaria Francesco A.\". Aggiunto/a candidato \"Siclari Giuseppe\".", "user": 1, "content_type": 7}, "model": "admin.logentry", "pk": 28}, {"fields": {"action_flag": 2, "action_time": "2014-10-07T05:11:35.455Z", "object_repr": "Reggio Calabria 2014", "object_id": "4", "change_message": "Nessun campo modificato.", "user": 1, "content_type": 7}, "model": "admin.logentry", "pk": 29}, {"fields": {"action_flag": 2, "action_time": "2014-10-07T05:13:00.146Z", "object_repr": "Reggio Calabria 2014", "object_id": "4", "change_message": "Aggiunto/a lista \"Reggio nel Cuore\". Aggiunto/a lista \"AN-Fratelli d'Italia\".", "user": 1, "content_type": 7}, "model": "admin.logentry", "pk": 30}, {"fields": {"action_flag": 2, "action_time": "2014-10-07T05:18:31.800Z", "object_repr": "Reggio Calabria 2014", "object_id": "4", "change_message": "Aggiunto/a lista \"Alleanza Calabrese\". Aggiunto/a lista \"Destra per Reggio\". Aggiunto/a lista \"Forza Italia\". Aggiunto/a lista \"Insieme a Dattola\". Aggiunto/a lista \"Movimento Dialogo Civile\". Aggiunto/a lista \"Nuova Centro Destra\". Aggiunto/a lista \"Reggio Futura\". Aggiunto/a lista \"SUD\".", "user": 1, "content_type": 7}, "model": "admin.logentry", "pk": 31}, {"fields": {"action_flag": 2, "action_time": "2014-10-07T05:23:01.815Z", "object_repr": "Reggio Calabria 2014", "object_id": "4", "change_message": "Aggiunto/a lista \"A Testa Alta\". Aggiunto/a lista \"Cambiare Reggio Calabria Officina Calabria\". Aggiunto/a lista \"Centro Democratico\". Aggiunto/a lista \"La Svolta\". Aggiunto/a lista \"Lista Oltre\". Aggiunto/a lista \"Lista Reset\". Aggiunto/a lista \"Lista SEL\". Aggiunto/a lista \"Partito Democratico\". Aggiunto/a lista \"Partito Repubblicano\". Aggiunto/a lista \"Partito Socialista\".", "user": 1, "content_type": 7}, "model": "admin.logentry", "pk": 32}, {"fields": {"action_flag": 2, "action_time": "2014-10-07T05:27:27.279Z", "object_repr": "Reggio Calabria 2014", "object_id": "4", "change_message": "Aggiunto/a lista \"Sinistra per Reggio\". Aggiunto/a lista \"Democrazia Cristiana\". Aggiunto/a lista \"Liberi di Ricominciare\". Aggiunto/a lista \"Liberta' ed Esigenze Sociali\". Aggiunto/a lista \"Lista del Grillo Parlante - NO Euro\". Aggiunto/a lista \"Movimento 5 Stelle\". Aggiunto/a lista \"Per un'altra Reggio\". Aggiunto/a lista \"Alternativa Democratica\". Aggiunto/a lista \"ETHOS\". Aggiunto/a lista \"Movimento Reggini Indignati\". Aggiunto/a lista \"Partito Comunista dei Lavoratori\".", "user": 1, "content_type": 7}, "model": "admin.logentry", "pk": 33}, {"fields": {"action_flag": 1, "action_time": "2014-10-07T08:47:50.571Z", "object_repr": "Springfield", "object_id": "5", "change_message": "", "user": 1, "content_type": 7}, "model": "admin.logentry", "pk": 34}, {"fields": {"action_flag": 2, "action_time": "2014-10-07T08:48:02.858Z", "object_repr": "Springfield", "object_id": "5", "change_message": "Aggiunto/a sezione \"1 Springfield 1\".", "user": 1, "content_type": 7}, "model": "admin.logentry", "pk": 35}, {"fields": {"action_flag": 2, "action_time": "2014-10-07T08:51:11.416Z", "object_repr": "Springfield", "object_id": "5", "change_message": "Aggiunto/a sezione \"2 Springgield Scuola Media\".", "user": 1, "content_type": 7}, "model": "admin.logentry", "pk": 36}, {"fields": {"action_flag": 2, "action_time": "2014-10-07T08:55:43.784Z", "object_repr": "Springfield", "object_id": "5", "change_message": "Aggiunto/a candidato \"Simpson Homer J.\".", "user": 1, "content_type": 7}, "model": "admin.logentry", "pk": 37}, {"fields": {"action_flag": 2, "action_time": "2014-10-07T08:56:19.028Z", "object_repr": "Springfield", "object_id": "5", "change_message": "Aggiunto/a candidato \"Simpson Bart\".", "user": 1, "content_type": 7}, "model": "admin.logentry", "pk": 38}, {"fields": {"action_flag": 2, "action_time": "2014-10-07T08:56:38.326Z", "object_repr": "Springfield", "object_id": "5", "change_message": "Aggiunto/a lista \"Birra & Ciambelle\".", "user": 1, "content_type": 7}, "model": "admin.logentry", "pk": 39}, {"fields": {"action_flag": 2, "action_time": "2014-10-07T08:56:39.575Z", "object_repr": "Springfield", "object_id": "5", "change_message": "Nessun campo modificato.", "user": 1, "content_type": 7}, "model": "admin.logentry", "pk": 40}, {"fields": {"action_flag": 3, "action_time": "2014-10-07T08:58:39.079Z", "object_repr": "Springfield", "object_id": "5", "change_message": "", "user": 1, "content_type": 7}, "model": "admin.logentry", "pk": 41}, {"fields": {"action_flag": 3, "action_time": "2014-10-07T08:58:39.081Z", "object_repr": "Reggio Calabria 2014", "object_id": "4", "change_message": "", "user": 1, "content_type": 7}, "model": "admin.logentry", "pk": 42}, {"fields": {"action_flag": 1, "action_time": "2014-10-07T09:05:30.097Z", "object_repr": "Comunali", "object_id": "6", "change_message": "", "user": 1, "content_type": 7}, "model": "admin.logentry", "pk": 43}, {"fields": {"action_flag": 2, "action_time": "2014-10-07T09:05:40.530Z", "object_repr": "Comunali", "object_id": "6", "change_message": "Aggiunto/a sezione \"1 Sezione\".", "user": 1, "content_type": 7}, "model": "admin.logentry", "pk": 44}, {"fields": {"action_flag": 2, "action_time": "2014-10-07T09:06:19.318Z", "object_repr": "Comunali Reggio 2014", "object_id": "6", "change_message": "titolo modificato/a.", "user": 1, "content_type": 7}, "model": "admin.logentry", "pk": 45}, {"fields": {"action_flag": 3, "action_time": "2014-10-07T09:15:42.661Z", "object_repr": "Comunali Reggio 2014", "object_id": "6", "change_message": "", "user": 1, "content_type": 7}, "model": "admin.logentry", "pk": 46}, {"fields": {"action_flag": 1, "action_time": "2014-10-07T09:16:34.070Z", "object_repr": "Elezioni Reggio Calabria 2014", "object_id": "1", "change_message": "", "user": 1, "content_type": 7}, "model": "admin.logentry", "pk": 47}, {"fields": {"action_flag": 1, "action_time": "2014-10-07T09:16:47.623Z", "object_repr": "Elezioni Springfield 2014", "object_id": "2", "change_message": "", "user": 1, "content_type": 7}, "model": "admin.logentry", "pk": 48}, {"fields": {"action_flag": 2, "action_time": "2014-10-07T09:19:38.757Z", "object_repr": "Elezioni Springfield 2014", "object_id": "2", "change_message": "Aggiunto/a sezione \"1 Springfield NORD\".", "user": 1, "content_type": 7}, "model": "admin.logentry", "pk": 49}, {"fields": {"action_flag": 2, "action_time": "2014-10-07T09:19:51.532Z", "object_repr": "Elezioni Springfield 2014", "object_id": "2", "change_message": "Aggiunto/a sezione \"2 Springgield Scuola Media\".", "user": 1, "content_type": 7}, "model": "admin.logentry", "pk": 50}, {"fields": {"action_flag": 2, "action_time": "2014-10-07T09:20:02.332Z", "object_repr": "Elezioni Springfield 2014", "object_id": "2", "change_message": "Aggiunto/a candidato \"Simpson Homer J.\".", "user": 1, "content_type": 7}, "model": "admin.logentry", "pk": 51}, {"fields": {"action_flag": 2, "action_time": "2014-10-07T09:20:14.526Z", "object_repr": "Elezioni Springfield 2014", "object_id": "2", "change_message": "Aggiunto/a candidato \"Simpson Bart\".", "user": 1, "content_type": 7}, "model": "admin.logentry", "pk": 52}, {"fields": {"action_flag": 2, "action_time": "2014-10-07T09:32:20.466Z", "object_repr": "Elezioni Springfield 2014", "object_id": "2", "change_message": "Aggiunto/a sezione \"3 Springfield Universita'\".", "user": 1, "content_type": 7}, "model": "admin.logentry", "pk": 53}, {"fields": {"action_flag": 2, "action_time": "2014-10-07T09:32:44.629Z", "object_repr": "Elezioni Springfield 2014", "object_id": "2", "change_message": "Aggiunto/a candidato \"Simpson Lisa\".", "user": 1, "content_type": 7}, "model": "admin.logentry", "pk": 54}, {"fields": {"action_flag": 2, "action_time": "2014-10-07T09:39:44.175Z", "object_repr": "Elezioni Springfield 2014", "object_id": "2", "change_message": "Aggiunto/a lista \"Birre e Ciambelle\".", "user": 1, "content_type": 7}, "model": "admin.logentry", "pk": 55}, {"fields": {"action_flag": 2, "action_time": "2014-10-07T09:39:59.954Z", "object_repr": "Elezioni Springfield 2014", "object_id": "2", "change_message": "Aggiunto/a lista \"Partito del Fare\".", "user": 1, "content_type": 7}, "model": "admin.logentry", "pk": 56}, {"fields": {"action_flag": 2, "action_time": "2014-10-07T10:06:45.772Z", "object_repr": "Elezioni Springfield 2014", "object_id": "2", "change_message": "Cambiato foto per candidato \"Simpson Homer J.\".", "user": 1, "content_type": 7}, "model": "admin.logentry", "pk": 57}, {"fields": {"action_flag": 2, "action_time": "2014-10-07T10:07:04.416Z", "object_repr": "Elezioni Springfield 2014", "object_id": "2", "change_message": "Cambiato foto per candidato \"Simpson Bart\". Cambiato foto per candidato \"Simpson Lisa\".", "user": 1, "content_type": 7}, "model": "admin.logentry", "pk": 58}, {"fields": {"action_flag": 2, "action_time": "2014-10-07T14:54:34.220Z", "object_repr": "Elezioni Springfield 2014", "object_id": "2", "change_message": "Aggiunto/a candidato \"Simpson Marge\". Aggiunto/a candidato \"Nahasapeemape Apu\". Aggiunto/a candidato \"Gumble Barney\". Aggiunto/a candidato \"Szyslak Boe\". Aggiunto/a candidato \"Caprapall Edna\". Aggiunto/a candidato \"Van Houten Milhouse\". Aggiunto/a candidato \"Burns Montgomery\". Aggiunto/a candidato \"Flanders Ned\". Aggiunto/a candidato \"Muntz Nelson\".", "user": 1, "content_type": 7}, "model": "admin.logentry", "pk": 59}, {"fields": {"action_flag": 3, "action_time": "2014-10-08T15:27:29.106Z", "object_repr": "1 Springfield NORD", "object_id": "8", "change_message": "", "user": 1, "content_type": 8}, "model": "admin.logentry", "pk": 60}, {"fields": {"action_flag": 3, "action_time": "2014-10-08T15:27:29.107Z", "object_repr": "1 Springfield NORD", "object_id": "7", "change_message": "", "user": 1, "content_type": 8}, "model": "admin.logentry", "pk": 61}, {"fields": {"action_flag": 3, "action_time": "2014-10-08T15:27:29.109Z", "object_repr": "1 Springfield NORD", "object_id": "6", "change_message": "", "user": 1, "content_type": 8}, "model": "admin.logentry", "pk": 62}, {"fields": {"action_flag": 3, "action_time": "2014-10-08T15:27:29.111Z", "object_repr": "1 Springfield NORD", "object_id": "5", "change_message": "", "user": 1, "content_type": 8}, "model": "admin.logentry", "pk": 63}, {"fields": {"action_flag": 2, "action_time": "2014-10-08T15:36:10.563Z", "object_repr": "Elezioni Reggio Calabria 2014", "object_id": "1", "change_message": "Aggiunto/a sezione \"1 Reggio Citta'\".", "user": 1, "content_type": 7}, "model": "admin.logentry", "pk": 64}, {"fields": {"action_flag": 2, "action_time": "2014-10-08T15:36:47.060Z", "object_repr": "Elezioni Reggio Calabria 2014", "object_id": "1", "change_message": "Aggiunto/a sezione \"2 Reggio Marina\". Aggiunto/a sezione \"3 Reggio Centro Storico\". Aggiunto/a sezione \"4 Reggio Stazione\".", "user": 1, "content_type": 7}, "model": "admin.logentry", "pk": 65}, {"fields": {"action_flag": 2, "action_time": "2014-10-08T15:37:46.902Z", "object_repr": "Elezioni Reggio Calabria 2014", "object_id": "1", "change_message": "Aggiunto/a candidato \"Falcomata' Giuseppe\".", "user": 1, "content_type": 7}, "model": "admin.logentry", "pk": 66}, {"fields": {"action_flag": 2, "action_time": "2014-10-08T15:40:26.469Z", "object_repr": "Elezioni Reggio Calabria 2014", "object_id": "1", "change_message": "Aggiunto/a candidato \"Ferrara Paolo\". Aggiunto/a candidato \"Giordano Vincenzo\".", "user": 1, "content_type": 7}, "model": "admin.logentry", "pk": 67}, {"fields": {"action_flag": 2, "action_time": "2014-10-08T15:42:02.288Z", "object_repr": "Elezioni Reggio Calabria 2014", "object_id": "1", "change_message": "Aggiunto/a candidato \"Morabito Stefano\". Aggiunto/a candidato \"Scafaria Francesco\".", "user": 1, "content_type": 7}, "model": "admin.logentry", "pk": 68}, {"fields": {"action_flag": 2, "action_time": "2014-10-08T15:43:34.269Z", "object_repr": "Elezioni Reggio Calabria 2014", "object_id": "1", "change_message": "Aggiunto/a candidato \"Dattola Mario\".", "user": 1, "content_type": 7}, "model": "admin.logentry", "pk": 69}, {"fields": {"action_flag": 2, "action_time": "2014-10-08T15:45:50.382Z", "object_repr": "Elezioni Reggio Calabria 2014", "object_id": "1", "change_message": "Aggiunto/a candidato \"Siclari Giuseppe\". Aggiunto/a candidato \"Musarella Giuseppe\". Aggiunto/a candidato \"Chizzoniti Aurelio\". Cambiato nome per candidato \"Dattola Lucio\". Cambiato nome per candidato \"Scafaria Francesco Arnoldo\".", "user": 1, "content_type": 7}, "model": "admin.logentry", "pk": 70}, {"fields": {"action_flag": 2, "action_time": "2014-10-08T16:55:48.996Z", "object_repr": "Elezioni Reggio Calabria 2014", "object_id": "1", "change_message": "Cambiato nome per candidato \"Scafaria Francesco A.\".", "user": 1, "content_type": 7}, "model": "admin.logentry", "pk": 71}, {"fields": {"action_flag": 2, "action_time": "2014-10-09T12:36:44.880Z", "object_repr": "Falcomata' Giuseppe", "object_id": "13", "change_message": "Aggiunto/a lista \"Partito Democatrico\".", "user": 1, "content_type": 9}, "model": "admin.logentry", "pk": 72}, {"fields": {"action_flag": 2, "action_time": "2014-10-09T12:46:13.438Z", "object_repr": "Falcomata' Giuseppe", "object_id": "13", "change_message": "Aggiunto/a lista \"Partito Repubblicano\". Aggiunto/a lista \"Centro Democratico\".", "user": 1, "content_type": 9}, "model": "admin.logentry", "pk": 73}, {"fields": {"action_flag": 2, "action_time": "2014-10-09T14:09:07.314Z", "object_repr": "Falcomata' Giuseppe", "object_id": "13", "change_message": "Cambiato simbolo per lista \"Partito Repubblicano\".", "user": 1, "content_type": 9}, "model": "admin.logentry", "pk": 74}, {"fields": {"action_flag": 2, "action_time": "2014-10-10T08:31:30.613Z", "object_repr": "4 Reggio Stazione", "object_id": "12", "change_message": "Cambiato voti per voti candidato \"Falcomata' Giuseppe - 4 Reggio Stazione\".", "user": 1, "content_type": 8}, "model": "admin.logentry", "pk": 75}, {"fields": {"action_flag": 2, "action_time": "2014-10-10T12:39:31.124Z", "object_repr": "Centro Democratico - 4 Reggio Stazione", "object_id": "157", "change_message": "voti modificato/a.", "user": 1, "content_type": 12}, "model": "admin.logentry", "pk": 76}, {"fields": {"action_flag": 2, "action_time": "2014-10-10T14:03:19.341Z", "object_repr": "Falcomata' Giuseppe", "object_id": "13", "change_message": "Cambiato simbolo per lista \"Centro Democratico\". Cambiato simbolo per lista \"Partito Democatrico\".", "user": 1, "content_type": 9}, "model": "admin.logentry", "pk": 77}, {"fields": {"action_flag": 2, "action_time": "2014-10-10T14:03:27.378Z", "object_repr": "Falcomata' Giuseppe", "object_id": "13", "change_message": "Cambiato simbolo per lista \"Partito Repubblicano\".", "user": 1, "content_type": 9}, "model": "admin.logentry", "pk": 78}, {"fields": {"action_flag": 2, "action_time": "2014-10-10T14:05:06.955Z", "object_repr": "Morabito Stefano", "object_id": "16", "change_message": "Aggiunto/a lista \"PER UN'ALTRA REGGIO\".", "user": 1, "content_type": 9}, "model": "admin.logentry", "pk": 79}, {"fields": {"action_flag": 2, "action_time": "2014-10-10T14:07:42.748Z", "object_repr": "Falcomata' Giuseppe", "object_id": "13", "change_message": "Aggiunto/a lista \"A Testa Alta\". Aggiunto/a lista \"La Svolta\". Aggiunto/a lista \"Cambiare Reggio Calabria Officina Calabria\". Aggiunto/a lista \"Partito Socialista\". Aggiunto/a lista \"Lista Reset\". Aggiunto/a lista \"Lista SEL\". Aggiunto/a lista \"Sinistra per Reggio\". Aggiunto/a lista \"Lista Oltre\".", "user": 1, "content_type": 9}, "model": "admin.logentry", "pk": 80}, {"fields": {"action_flag": 2, "action_time": "2014-10-10T14:08:23.422Z", "object_repr": "Siclari Giuseppe", "object_id": "19", "change_message": "Aggiunto/a lista \"Partito Comunista dei lavoratori\".", "user": 1, "content_type": 9}, "model": "admin.logentry", "pk": 81}, {"fields": {"action_flag": 2, "action_time": "2014-10-10T14:09:30.681Z", "object_repr": "Giordano Vincenzo", "object_id": "15", "change_message": "Aggiunto/a lista \"Movimento 5 Stelle\".", "user": 1, "content_type": 9}, "model": "admin.logentry", "pk": 82}, {"fields": {"action_flag": 2, "action_time": "2014-10-10T14:17:27.569Z", "object_repr": "Ferrara Paolo", "object_id": "14", "change_message": "Aggiunto/a lista \"Liberi di Ricominciare\". Aggiunto/a lista \"Forza Reggio\". Aggiunto/a lista \"Liberta' ed Esigenze Sociali\". Aggiunto/a lista \"Democrazia Cristiana\". Aggiunto/a lista \"Lista del Grillo Parlante - NO Euro\".", "user": 1, "content_type": 9}, "model": "admin.logentry", "pk": 83}, {"fields": {"action_flag": 2, "action_time": "2014-10-10T14:18:29.320Z", "object_repr": "Scafaria Francesco A.", "object_id": "17", "change_message": "Aggiunto/a lista \"Movimento Reggini Indignati\".", "user": 1, "content_type": 9}, "model": "admin.logentry", "pk": 84}, {"fields": {"action_flag": 2, "action_time": "2014-10-10T14:19:08.702Z", "object_repr": "Musarella Giuseppe", "object_id": "20", "change_message": "Aggiunto/a lista \"Alternativa Democratica\".", "user": 1, "content_type": 9}, "model": "admin.logentry", "pk": 85}, {"fields": {"action_flag": 2, "action_time": "2014-10-10T14:19:21.394Z", "object_repr": "Musarella Giuseppe", "object_id": "20", "change_message": "Aggiunto/a lista \"Ethos\".", "user": 1, "content_type": 9}, "model": "admin.logentry", "pk": 86}, {"fields": {"action_flag": 2, "action_time": "2014-10-10T14:19:53.191Z", "object_repr": "Chizzoniti Aurelio", "object_id": "21", "change_message": "Aggiunto/a lista \"Reggio nel Cuore\".", "user": 1, "content_type": 9}, "model": "admin.logentry", "pk": 87}, {"fields": {"action_flag": 2, "action_time": "2014-10-10T14:20:07.917Z", "object_repr": "Chizzoniti Aurelio", "object_id": "21", "change_message": "Nessun campo modificato.", "user": 1, "content_type": 9}, "model": "admin.logentry", "pk": 88}, {"fields": {"action_flag": 2, "action_time": "2014-10-10T14:22:51.905Z", "object_repr": "Dattola Lucio", "object_id": "18", "change_message": "Aggiunto/a lista \"Reggio Futura\". Aggiunto/a lista \"Forza Italia\". Aggiunto/a lista \"Nuovo Centro Destra\". Aggiunto/a lista \"SUD\". Aggiunto/a lista \"AN - Fratelli d'Italia\". Aggiunto/a lista \"Movimento Dialogo Civile\". Aggiunto/a lista \"Insieme a Dattola\". Aggiunto/a lista \"Destra per Reggio\". Aggiunto/a lista \"Alleanza Calabrese\".", "user": 1, "content_type": 9}, "model": "admin.logentry", "pk": 89}, {"fields": {"action_flag": 2, "action_time": "2014-10-10T14:23:50.961Z", "object_repr": "Falcomata' Giuseppe", "object_id": "13", "change_message": "Cambiato nome per lista \"Partito Democratico\".", "user": 1, "content_type": 9}, "model": "admin.logentry", "pk": 90}, {"fields": {"action_flag": 2, "action_time": "2014-10-10T17:55:26.167Z", "object_repr": "Alleanza Calabrese - 3 Reggio Centro Storico", "object_id": "272", "change_message": "voti modificato/a.", "user": 1, "content_type": 12}, "model": "admin.logentry", "pk": 91}, {"fields": {"action_flag": 2, "action_time": "2014-10-10T17:55:42.107Z", "object_repr": "Democrazia Cristiana - 3 Reggio Centro Storico", "object_id": "216", "change_message": "voti modificato/a.", "user": 1, "content_type": 12}, "model": "admin.logentry", "pk": 92}, {"fields": {"action_flag": 2, "action_time": "2014-10-10T17:55:42.807Z", "object_repr": "Democrazia Cristiana - 3 Reggio Centro Storico", "object_id": "216", "change_message": "Nessun campo modificato.", "user": 1, "content_type": 12}, "model": "admin.logentry", "pk": 93}, {"fields": {"action_flag": 2, "action_time": "2014-10-10T17:55:44.030Z", "object_repr": "Democrazia Cristiana - 3 Reggio Centro Storico", "object_id": "216", "change_message": "Nessun campo modificato.", "user": 1, "content_type": 12}, "model": "admin.logentry", "pk": 94}, {"fields": {"action_flag": 2, "action_time": "2014-10-10T17:55:44.990Z", "object_repr": "Democrazia Cristiana - 3 Reggio Centro Storico", "object_id": "216", "change_message": "Nessun campo modificato.", "user": 1, "content_type": 12}, "model": "admin.logentry", "pk": 95}, {"fields": {"action_flag": 2, "action_time": "2014-10-10T17:56:02.328Z", "object_repr": "Insieme a Dattola - 4 Reggio Stazione", "object_id": "265", "change_message": "voti modificato/a.", "user": 1, "content_type": 12}, "model": "admin.logentry", "pk": 96}, {"fields": {"action_flag": 2, "action_time": "2014-10-10T17:56:02.978Z", "object_repr": "Insieme a Dattola - 4 Reggio Stazione", "object_id": "265", "change_message": "Nessun campo modificato.", "user": 1, "content_type": 12}, "model": "admin.logentry", "pk": 97}, {"fields": {"action_flag": 2, "action_time": "2014-10-10T18:00:22.734Z", "object_repr": "Movimento Dialogo Civile - 4 Reggio Stazione", "object_id": "261", "change_message": "voti modificato/a.", "user": 1, "content_type": 12}, "model": "admin.logentry", "pk": 98}, {"fields": {"action_flag": 2, "action_time": "2014-10-10T18:01:41.479Z", "object_repr": "1 Reggio Citta'", "object_id": "9", "change_message": "Cambiato voti per voti lista \"Partito Democratico - 1 Reggio Citta'\". Cambiato voti per voti lista \"Partito Repubblicano - 1 Reggio Citta'\". Cambiato voti per voti lista \"Centro Democratico - 1 Reggio Citta'\". Cambiato voti per voti lista \"PER UN'ALTRA REGGIO - 1 Reggio Citta'\". Cambiato voti per voti lista \"A Testa Alta - 1 Reggio Citta'\". Cambiato voti per voti lista \"La Svolta - 1 Reggio Citta'\". Cambiato voti per voti lista \"Partito Socialista - 1 Reggio Citta'\". Cambiato voti per voti lista \"Lista SEL - 1 Reggio Citta'\". Cambiato voti per voti lista \"Sinistra per Reggio - 1 Reggio Citta'\". Cambiato voti per voti lista \"Forza Reggio - 1 Reggio Citta'\". Cambiato voti per voti lista \"Democrazia Cristiana - 1 Reggio Citta'\". Cambiato voti per voti lista \"Movimento Reggini Indignati - 1 Reggio Citta'\". Cambiato voti per voti lista \"Ethos - 1 Reggio Citta'\". Cambiato voti per voti lista \"Reggio Futura - 1 Reggio Citta'\". Cambiato voti per voti lista \"SUD - 1 Reggio Citta'\". Cambiato voti per voti lista \"Movimento Dialogo Civile - 1 Reggio Citta'\". Cambiato voti per voti lista \"Insieme a Dattola - 1 Reggio Citta'\". Cambiato voti per voti lista \"Destra per Reggio - 1 Reggio Citta'\". Cambiato voti per voti lista \"Alleanza Calabrese - 1 Reggio Citta'\".", "user": 1, "content_type": 8}, "model": "admin.logentry", "pk": 99}, {"fields": {"action_flag": 2, "action_time": "2014-10-10T18:04:57.227Z", "object_repr": "3 Reggio Centro Storico", "object_id": "11", "change_message": "Cambiato voti per voti candidato \"Falcomata' Giuseppe - 3 Reggio Centro Storico\". Cambiato voti per voti candidato \"Ferrara Paolo - 3 Reggio Centro Storico\". Cambiato voti per voti candidato \"Giordano Vincenzo - 3 Reggio Centro Storico\". Cambiato voti per voti candidato \"Morabito Stefano - 3 Reggio Centro Storico\". Cambiato voti per voti candidato \"Scafaria Francesco A. - 3 Reggio Centro Storico\". Cambiato voti per voti candidato \"Dattola Lucio - 3 Reggio Centro Storico\". Cambiato voti per voti candidato \"Siclari Giuseppe - 3 Reggio Centro Storico\". Cambiato voti per voti candidato \"Musarella Giuseppe - 3 Reggio Centro Storico\". Cambiato voti per voti candidato \"Chizzoniti Aurelio - 3 Reggio Centro Storico\". Cambiato voti per voti lista \"Partito Democratico - 3 Reggio Centro Storico\". Cambiato voti per voti lista \"Partito Repubblicano - 3 Reggio Centro Storico\". Cambiato voti per voti lista \"Centro Democratico - 3 Reggio Centro Storico\". Cambiato voti per voti lista \"PER UN'ALTRA REGGIO - 3 Reggio Centro Storico\". Cambiato voti per voti lista \"A Testa Alta - 3 Reggio Centro Storico\". Cambiato voti per voti lista \"La Svolta - 3 Reggio Centro Storico\". Cambiato voti per voti lista \"Cambiare Reggio Calabria Officina Calabria - 3 Reggio Centro Storico\". Cambiato voti per voti lista \"Partito Socialista - 3 Reggio Centro Storico\". Cambiato voti per voti lista \"Lista Reset - 3 Reggio Centro Storico\". Cambiato voti per voti lista \"Lista SEL - 3 Reggio Centro Storico\". Cambiato voti per voti lista \"Sinistra per Reggio - 3 Reggio Centro Storico\". Cambiato voti per voti lista \"Lista Oltre - 3 Reggio Centro Storico\". Cambiato voti per voti lista \"Partito Comunista dei lavoratori - 3 Reggio Centro Storico\". Cambiato voti per voti lista \"Movimento 5 Stelle - 3 Reggio Centro Storico\". Cambiato voti per voti lista \"Liberi di Ricominciare - 3 Reggio Centro Storico\". Cambiato voti per voti lista \"Forza Reggio - 3 Reggio Centro Storico\". Cambiato voti per voti lista \"Liberta' ed Esigenze Sociali - 3 Reggio Centro Storico\". Cambiato voti per voti lista \"Lista del Grillo Parlante - NO Euro - 3 Reggio Centro Storico\". Cambiato voti per voti lista \"Movimento Reggini Indignati - 3 Reggio Centro Storico\". Cambiato voti per voti lista \"Alternativa Democratica - 3 Reggio Centro Storico\". Cambiato voti per voti lista \"Ethos - 3 Reggio Centro Storico\". Cambiato voti per voti lista \"Reggio nel Cuore - 3 Reggio Centro Storico\". Cambiato voti per voti lista \"Reggio Futura - 3 Reggio Centro Storico\". Cambiato voti per voti lista \"Forza Italia - 3 Reggio Centro Storico\". Cambiato voti per voti lista \"Nuovo Centro Destra - 3 Reggio Centro Storico\". Cambiato voti per voti lista \"SUD - 3 Reggio Centro Storico\". Cambiato voti per voti lista \"AN - Fratelli d'Italia - 3 Reggio Centro Storico\". Cambiato voti per voti lista \"Movimento Dialogo Civile - 3 Reggio Centro Storico\". Cambiato voti per voti lista \"Insieme a Dattola - 3 Reggio Centro Storico\". Cambiato voti per voti lista \"Destra per Reggio - 3 Reggio Centro Storico\".", "user": 1, "content_type": 8}, "model": "admin.logentry", "pk": 100}, {"fields": {"action_flag": 2, "action_time": "2014-10-13T12:50:02.787Z", "object_repr": "Chizzoniti Aurelio", "object_id": "21", "change_message": "Cambiato simbolo per lista \"Reggio nel Cuore\".", "user": 1, "content_type": 9}, "model": "admin.logentry", "pk": 101}, {"fields": {"action_flag": 2, "action_time": "2014-10-13T12:50:48.046Z", "object_repr": "Chizzoniti Aurelio", "object_id": "21", "change_message": "Cambiato simbolo per lista \"Reggio nel Cuore\".", "user": 1, "content_type": 9}, "model": "admin.logentry", "pk": 102}, {"fields": {"action_flag": 2, "action_time": "2014-10-13T12:50:58.445Z", "object_repr": "Chizzoniti Aurelio", "object_id": "21", "change_message": "foto modificato/a.", "user": 1, "content_type": 9}, "model": "admin.logentry", "pk": 103}, {"fields": {"action_flag": 2, "action_time": "2014-10-13T12:51:08.264Z", "object_repr": "Musarella Giuseppe", "object_id": "20", "change_message": "foto modificato/a.", "user": 1, "content_type": 9}, "model": "admin.logentry", "pk": 104}, {"fields": {"action_flag": 2, "action_time": "2014-10-13T12:54:24.863Z", "object_repr": "Chizzoniti Aurelio", "object_id": "21", "change_message": "foto modificato/a.", "user": 1, "content_type": 9}, "model": "admin.logentry", "pk": 105}, {"fields": {"action_flag": 2, "action_time": "2014-10-13T12:54:41.276Z", "object_repr": "Musarella Giuseppe", "object_id": "20", "change_message": "foto modificato/a.", "user": 1, "content_type": 9}, "model": "admin.logentry", "pk": 106}, {"fields": {"action_flag": 2, "action_time": "2014-10-13T13:00:21.946Z", "object_repr": "Siclari Giuseppe", "object_id": "19", "change_message": "foto modificato/a.", "user": 1, "content_type": 9}, "model": "admin.logentry", "pk": 107}, {"fields": {"action_flag": 2, "action_time": "2014-10-13T13:01:05.958Z", "object_repr": "Siclari Giuseppe", "object_id": "19", "change_message": "foto modificato/a.", "user": 1, "content_type": 9}, "model": "admin.logentry", "pk": 108}, {"fields": {"action_flag": 2, "action_time": "2014-10-13T13:39:36.687Z", "object_repr": "Falcomata' Giuseppe", "object_id": "13", "change_message": "Cambiato simbolo per lista \"A Testa Alta\". Cambiato simbolo per lista \"Cambiare Reggio Calabria Officina Calabria\". Cambiato simbolo per lista \"La Svolta\". Cambiato simbolo per lista \"Lista Oltre\". Cambiato simbolo per lista \"Lista Reset\". Cambiato simbolo per lista \"Lista SEL\". Cambiato simbolo per lista \"Partito Repubblicano\". Cambiato simbolo per lista \"Partito Socialista\". Cambiato simbolo per lista \"Sinistra per Reggio\".", "user": 1, "content_type": 9}, "model": "admin.logentry", "pk": 109}, {"fields": {"action_flag": 2, "action_time": "2014-10-13T13:52:46.755Z", "object_repr": "Dattola Lucio", "object_id": "18", "change_message": "Cambiato simbolo per lista \"AN - Fratelli d'Italia\". Cambiato simbolo per lista \"Alleanza Calabrese\". Cambiato simbolo per lista \"Destra per Reggio\". Cambiato simbolo per lista \"Forza Italia\". Cambiato simbolo per lista \"Insieme a Dattola\". Cambiato simbolo per lista \"SUD\".", "user": 1, "content_type": 9}, "model": "admin.logentry", "pk": 110}, {"fields": {"action_flag": 2, "action_time": "2014-10-13T13:53:04.544Z", "object_repr": "Dattola Lucio", "object_id": "18", "change_message": "Cambiato simbolo per lista \"Movimento Dialogo Civile\".", "user": 1, "content_type": 9}, "model": "admin.logentry", "pk": 111}, {"fields": {"action_flag": 2, "action_time": "2014-10-13T13:54:36.335Z", "object_repr": "Morabito Stefano", "object_id": "16", "change_message": "Cambiato simbolo per lista \"PER UN'ALTRA REGGIO\".", "user": 1, "content_type": 9}, "model": "admin.logentry", "pk": 112}, {"fields": {"action_flag": 2, "action_time": "2014-10-13T14:08:52.869Z", "object_repr": "2 Reggio Marina", "object_id": "10", "change_message": "votanti e aventi_diritto modificato/a.", "user": 1, "content_type": 8}, "model": "admin.logentry", "pk": 113}, {"fields": {"action_flag": 2, "action_time": "2014-10-13T14:09:19.165Z", "object_repr": "3 Reggio Centro Storico", "object_id": "11", "change_message": "votanti e aventi_diritto modificato/a.", "user": 1, "content_type": 8}, "model": "admin.logentry", "pk": 114}, {"fields": {"action_flag": 2, "action_time": "2014-10-13T14:09:36.821Z", "object_repr": "4 Reggio Stazione", "object_id": "12", "change_message": "votanti e aventi_diritto modificato/a.", "user": 1, "content_type": 8}, "model": "admin.logentry", "pk": 115}, {"fields": {"action_flag": 2, "action_time": "2014-10-13T14:10:03.915Z", "object_repr": "Falcomata' Giuseppe", "object_id": "13", "change_message": "Cambiato simbolo per lista \"Lista SEL\".", "user": 1, "content_type": 9}, "model": "admin.logentry", "pk": 116}, {"fields": {"action_flag": 2, "action_time": "2014-10-13T14:22:01.345Z", "object_repr": "Morabito Stefano", "object_id": "16", "change_message": "Cambiato simbolo per lista \"PER UN'ALTRA REGGIO\".", "user": 1, "content_type": 9}, "model": "admin.logentry", "pk": 117}, {"fields": {"action_flag": 1, "action_time": "2014-10-13T15:15:44.027Z", "object_repr": "Comunali Rende 2014", "object_id": "3", "change_message": "", "user": 1, "content_type": 7}, "model": "admin.logentry", "pk": 118}, {"fields": {"action_flag": 2, "action_time": "2014-10-13T15:17:34.261Z", "object_repr": "Comunali Rende 2014", "object_id": "3", "change_message": "Aggiunto/a candidato \"Manna Marcello\". Aggiunto/a candidato \"Verre Francesco\". Aggiunto/a candidato \"De Rose A\". Aggiunto/a candidato \"Cuzzocrea B\". Aggiunto/a candidato \"Pizzini C\". Aggiunto/a candidato \"Miceli D\".", "user": 1, "content_type": 7}, "model": "admin.logentry", "pk": 119}, {"fields": {"action_flag": 2, "action_time": "2014-10-13T15:19:34.589Z", "object_repr": "Comunali Rende 2014", "object_id": "3", "change_message": "Aggiunto/a sezione \"11 Rende 11\". Aggiunto/a sezione \"7 Rende 7\". Aggiunto/a sezione \"26 Rende 26\". Aggiunto/a sezione \"31 Rende 31\". Aggiunto/a sezione \"27 Rende 27\". Aggiunto/a sezione \"29 Rende 29\".", "user": 1, "content_type": 7}, "model": "admin.logentry", "pk": 120}, {"fields": {"action_flag": 2, "action_time": "2014-10-13T15:20:46.151Z", "object_repr": "7 Rende 7", "object_id": "14", "change_message": "Cambiato voti per voti candidato \"Cuzzocrea B - 7 Rende 7\". Cambiato voti per voti candidato \"De Rose A - 7 Rende 7\". Cambiato voti per voti candidato \"Manna Marcello - 7 Rende 7\". Cambiato voti per voti candidato \"Miceli D - 7 Rende 7\". Cambiato voti per voti candidato \"Pizzini C - 7 Rende 7\". Cambiato voti per voti candidato \"Verre Francesco - 7 Rende 7\".", "user": 1, "content_type": 8}, "model": "admin.logentry", "pk": 121}, {"fields": {"action_flag": 2, "action_time": "2014-10-13T15:21:08.537Z", "object_repr": "11 Rende 11", "object_id": "13", "change_message": "Cambiato voti per voti candidato \"Cuzzocrea B - 11 Rende 11\". Cambiato voti per voti candidato \"De Rose A - 11 Rende 11\". Cambiato voti per voti candidato \"Manna Marcello - 11 Rende 11\". Cambiato voti per voti candidato \"Miceli D - 11 Rende 11\". Cambiato voti per voti candidato \"Pizzini C - 11 Rende 11\". Cambiato voti per voti candidato \"Verre Francesco - 11 Rende 11\".", "user": 1, "content_type": 8}, "model": "admin.logentry", "pk": 122}, {"fields": {"action_flag": 2, "action_time": "2014-10-13T15:21:48.784Z", "object_repr": "26 Rende 26", "object_id": "15", "change_message": "Cambiato voti per voti candidato \"Cuzzocrea B - 26 Rende 26\". Cambiato voti per voti candidato \"De Rose A - 26 Rende 26\". Cambiato voti per voti candidato \"Manna Marcello - 26 Rende 26\". Cambiato voti per voti candidato \"Miceli D - 26 Rende 26\". Cambiato voti per voti candidato \"Pizzini C - 26 Rende 26\". Cambiato voti per voti candidato \"Verre Francesco - 26 Rende 26\".", "user": 1, "content_type": 8}, "model": "admin.logentry", "pk": 123}, {"fields": {"action_flag": 2, "action_time": "2014-10-13T15:22:25.610Z", "object_repr": "27 Rende 27", "object_id": "17", "change_message": "Cambiato voti per voti candidato \"Cuzzocrea B - 27 Rende 27\". Cambiato voti per voti candidato \"De Rose A - 27 Rende 27\". Cambiato voti per voti candidato \"Manna Marcello - 27 Rende 27\". Cambiato voti per voti candidato \"Miceli D - 27 Rende 27\". Cambiato voti per voti candidato \"Pizzini C - 27 Rende 27\". Cambiato voti per voti candidato \"Verre Francesco - 27 Rende 27\".", "user": 1, "content_type": 8}, "model": "admin.logentry", "pk": 124}, {"fields": {"action_flag": 2, "action_time": "2014-10-13T15:22:49.534Z", "object_repr": "29 Rende 29", "object_id": "18", "change_message": "Cambiato voti per voti candidato \"Cuzzocrea B - 29 Rende 29\". Cambiato voti per voti candidato \"De Rose A - 29 Rende 29\". Cambiato voti per voti candidato \"Manna Marcello - 29 Rende 29\". Cambiato voti per voti candidato \"Miceli D - 29 Rende 29\". Cambiato voti per voti candidato \"Pizzini C - 29 Rende 29\". Cambiato voti per voti candidato \"Verre Francesco - 29 Rende 29\".", "user": 1, "content_type": 8}, "model": "admin.logentry", "pk": 125}, {"fields": {"action_flag": 2, "action_time": "2014-10-13T15:23:16.594Z", "object_repr": "31 Rende 31", "object_id": "16", "change_message": "Cambiato voti per voti candidato \"Cuzzocrea B - 31 Rende 31\". Cambiato voti per voti candidato \"De Rose A - 31 Rende 31\". Cambiato voti per voti candidato \"Manna Marcello - 31 Rende 31\". Cambiato voti per voti candidato \"Miceli D - 31 Rende 31\". Cambiato voti per voti candidato \"Pizzini C - 31 Rende 31\". Cambiato voti per voti candidato \"Verre Francesco - 31 Rende 31\".", "user": 1, "content_type": 8}, "model": "admin.logentry", "pk": 126}, {"fields": {"action_flag": 1, "action_time": "2014-10-13T16:22:49.095Z", "object_repr": "TestDev", "object_id": "4", "change_message": "", "user": 1, "content_type": 7}, "model": "admin.logentry", "pk": 127}, {"fields": {"action_flag": 2, "action_time": "2014-10-13T16:23:44.968Z", "object_repr": "TestDev", "object_id": "4", "change_message": "Aggiunto/a sezione \"1 Sez 1\". Aggiunto/a sezione \"2 Sez 2\". Aggiunto/a sezione \"3 Sez 3\".", "user": 1, "content_type": 7}, "model": "admin.logentry", "pk": 128}, {"fields": {"action_flag": 2, "action_time": "2014-10-13T16:24:56.819Z", "object_repr": "1 Sez 1", "object_id": "19", "change_message": "Cambiato voti per voti candidato \"Chizzoniti D - 1 Sez 1\". Cambiato voti per voti candidato \"Dattola F - 1 Sez 1\". Cambiato voti per voti candidato \"Falcomata' C - 1 Sez 1\". Cambiato voti per voti candidato \"Ferrara B - 1 Sez 1\". Cambiato voti per voti candidato \"Giordano E - 1 Sez 1\". Cambiato voti per voti candidato \"Morabito H - 1 Sez 1\". Cambiato voti per voti candidato \"Musarella A - 1 Sez 1\". Cambiato voti per voti candidato \"Scafaria I - 1 Sez 1\". Cambiato voti per voti candidato \"Siclari G - 1 Sez 1\".", "user": 1, "content_type": 8}, "model": "admin.logentry", "pk": 129}, {"fields": {"action_flag": 2, "action_time": "2014-10-13T16:25:52.281Z", "object_repr": "2 Sez 2", "object_id": "20", "change_message": "Cambiato voti per voti candidato \"Chizzoniti D - 2 Sez 2\". Cambiato voti per voti candidato \"Dattola F - 2 Sez 2\". Cambiato voti per voti candidato \"Falcomata' C - 2 Sez 2\". Cambiato voti per voti candidato \"Ferrara B - 2 Sez 2\". Cambiato voti per voti candidato \"Giordano E - 2 Sez 2\". Cambiato voti per voti candidato \"Morabito H - 2 Sez 2\". Cambiato voti per voti candidato \"Musarella A - 2 Sez 2\". Cambiato voti per voti candidato \"Scafaria I - 2 Sez 2\". Cambiato voti per voti candidato \"Siclari G - 2 Sez 2\".", "user": 1, "content_type": 8}, "model": "admin.logentry", "pk": 130}, {"fields": {"action_flag": 2, "action_time": "2014-10-13T16:26:46.863Z", "object_repr": "3 Sez 3", "object_id": "21", "change_message": "Cambiato voti per voti candidato \"Chizzoniti D - 3 Sez 3\". Cambiato voti per voti candidato \"Dattola F - 3 Sez 3\". Cambiato voti per voti candidato \"Falcomata' C - 3 Sez 3\". Cambiato voti per voti candidato \"Ferrara B - 3 Sez 3\". Cambiato voti per voti candidato \"Giordano E - 3 Sez 3\". Cambiato voti per voti candidato \"Musarella A - 3 Sez 3\". Cambiato voti per voti candidato \"Scafaria I - 3 Sez 3\". Cambiato voti per voti candidato \"Siclari G - 3 Sez 3\".", "user": 1, "content_type": 8}, "model": "admin.logentry", "pk": 131}, {"fields": {"action_flag": 2, "action_time": "2014-10-13T16:33:52.741Z", "object_repr": "3 Sez 3", "object_id": "21", "change_message": "Cambiato voti per voti candidato \"Chizzoniti D - 3 Sez 3\".", "user": 1, "content_type": 8}, "model": "admin.logentry", "pk": 132}, {"fields": {"action_flag": 2, "action_time": "2014-10-13T16:34:16.460Z", "object_repr": "3 Sez 3", "object_id": "21", "change_message": "Cambiato voti per voti candidato \"Dattola F - 3 Sez 3\".", "user": 1, "content_type": 8}, "model": "admin.logentry", "pk": 133}, {"fields": {"action_flag": 2, "action_time": "2014-10-14T09:56:24.091Z", "object_repr": "Comunali Rende 2014", "object_id": "3", "change_message": "aventi_diritto modificato/a.", "user": 1, "content_type": 7}, "model": "admin.logentry", "pk": 134}, {"fields": {"action_flag": 2, "action_time": "2014-10-14T10:26:29.373Z", "object_repr": "Elezioni Reggio Calabria 2014", "object_id": "1", "change_message": "aventi_diritto modificato/a.", "user": 1, "content_type": 7}, "model": "admin.logentry", "pk": 135}, {"fields": {"action_flag": 2, "action_time": "2014-10-14T10:26:36.953Z", "object_repr": "TestDev", "object_id": "4", "change_message": "aventi_diritto modificato/a.", "user": 1, "content_type": 7}, "model": "admin.logentry", "pk": 136}, {"fields": {"action_flag": 2, "action_time": "2014-10-14T10:26:42.545Z", "object_repr": "Elezioni Springfield 2014", "object_id": "2", "change_message": "aventi_diritto modificato/a.", "user": 1, "content_type": 7}, "model": "admin.logentry", "pk": 137}, {"fields": {"action_flag": 2, "action_time": "2014-10-14T12:47:36.629Z", "object_repr": "Comunali Rende 2014", "object_id": "3", "change_message": "Cambiato nome per candidato \"Cuzzocrea Andrea\". Cambiato nome per candidato \"De Rose Massimiliano\". Cambiato nome per candidato \"Miceli Domenico\". Cambiato nome per candidato \"Pizzini Luca\". Cambiato nome per candidato \"Verre Pasquale Domenico\". Cambiato nome e luogo per sezione \"7 7 Quattromiglia\". Cambiato nome e luogo per sezione \"11 11 Quattromiglia\". Cambiato nome e luogo per sezione \"26 26 Giotto\". Cambiato nome e luogo per sezione \"27 27 Quattromiglia\". Cambiato nome e luogo per sezione \"29 29 Saporito\". Cambiato nome e luogo per sezione \"31 31 Giotto\".", "user": 1, "content_type": 7}, "model": "admin.logentry", "pk": 138}, {"fields": {"action_flag": 2, "action_time": "2014-10-14T12:58:26.132Z", "object_repr": "Siclari Giuseppe", "object_id": "19", "change_message": "Cambiato simbolo per lista \"Partito Comunista dei lavoratori\".", "user": 1, "content_type": 9}, "model": "admin.logentry", "pk": 139}, {"fields": {"action_flag": 2, "action_time": "2014-10-14T13:00:46.543Z", "object_repr": "Musarella Giuseppe", "object_id": "20", "change_message": "Cambiato simbolo per lista \"Alternativa Democratica\". Cambiato simbolo per lista \"Ethos\".", "user": 1, "content_type": 9}, "model": "admin.logentry", "pk": 140}, {"fields": {"action_flag": 2, "action_time": "2014-10-14T13:03:11.255Z", "object_repr": "Scafaria Francesco A.", "object_id": "17", "change_message": "Cambiato simbolo per lista \"Movimento Reggini Indignati\".", "user": 1, "content_type": 9}, "model": "admin.logentry", "pk": 141}, {"fields": {"action_flag": 2, "action_time": "2014-10-14T13:05:23.985Z", "object_repr": "Chizzoniti Aurelio", "object_id": "21", "change_message": "Cambiato simbolo per lista \"Reggio nel Cuore\".", "user": 1, "content_type": 9}, "model": "admin.logentry", "pk": 142}, {"fields": {"action_flag": 2, "action_time": "2014-10-14T14:50:46.224Z", "object_repr": "Comunali Rende 2014", "object_id": "3", "change_message": "Cambiato nome per sezione \"7 Quattromiglia 7\". Cambiato nome per sezione \"11 Quattromiglia 11\". Cambiato nome per sezione \"26 Giotto 26\". Cambiato nome per sezione \"27 Quattromiglia 27\". Cambiato nome per sezione \"29 Saporito 29\". Cambiato nome per sezione \"31 Giotto 31\".", "user": 1, "content_type": 7}, "model": "admin.logentry", "pk": 143}, {"fields": {"action_flag": 2, "action_time": "2014-10-14T15:21:17.167Z", "object_repr": "Elezioni Reggio Calabria 2014", "object_id": "1", "change_message": "aventi_diritto modificato/a.", "user": 1, "content_type": 7}, "model": "admin.logentry", "pk": 144}, {"fields": {"action_flag": 2, "action_time": "2014-10-14T15:30:19.430Z", "object_repr": "Elezioni Reggio Calabria 2014", "object_id": "1", "change_message": "copertura_simulata modificato/a.", "user": 1, "content_type": 7}, "model": "admin.logentry", "pk": 145}, {"fields": {"action_flag": 2, "action_time": "2014-10-14T15:41:13.547Z", "object_repr": "Elezioni Reggio Calabria 2014", "object_id": "1", "change_message": "copertura_simulata modificato/a.", "user": 1, "content_type": 7}, "model": "admin.logentry", "pk": 146}, {"fields": {"action_flag": 2, "action_time": "2014-10-14T15:41:48.295Z", "object_repr": "Elezioni Reggio Calabria 2014", "object_id": "1", "change_message": "copertura_simulata modificato/a.", "user": 1, "content_type": 7}, "model": "admin.logentry", "pk": 147}, {"fields": {"action_flag": 2, "action_time": "2014-10-14T15:42:17.557Z", "object_repr": "Elezioni Reggio Calabria 2014", "object_id": "1", "change_message": "copertura_simulata modificato/a.", "user": 1, "content_type": 7}, "model": "admin.logentry", "pk": 148}, {"fields": {"action_flag": 2, "action_time": "2014-10-14T15:42:38.449Z", "object_repr": "Elezioni Reggio Calabria 2014", "object_id": "1", "change_message": "copertura_simulata modificato/a.", "user": 1, "content_type": 7}, "model": "admin.logentry", "pk": 149}, {"fields": {"action_flag": 2, "action_time": "2014-10-14T15:43:03.199Z", "object_repr": "Elezioni Reggio Calabria 2014", "object_id": "1", "change_message": "copertura_simulata modificato/a.", "user": 1, "content_type": 7}, "model": "admin.logentry", "pk": 150}, {"fields": {"action_flag": 2, "action_time": "2014-10-15T08:00:07.915Z", "object_repr": "Elezioni Reggio Calabria 2014", "object_id": "1", "change_message": "Aggiunto/a candidato \"Scheda BIANCA -\". Aggiunto/a candidato \"Scheda NULLA -\".", "user": 1, "content_type": 7}, "model": "admin.logentry", "pk": 151}, {"fields": {"action_flag": 2, "action_time": "2014-10-15T08:01:37.839Z", "object_repr": "Elezioni Reggio Calabria 2014", "object_id": "1", "change_message": "Cancellato/a candidato \"Scheda BIANCA -\". Cancellato/a candidato \"Scheda NULLA -\".", "user": 1, "content_type": 7}, "model": "admin.logentry", "pk": 152}, {"fields": {"action_flag": 2, "action_time": "2014-10-15T08:20:57.680Z", "object_repr": "1 Reggio Citta'", "object_id": "9", "change_message": "schede_nulle e schede_bianche modificato/a.", "user": 1, "content_type": 8}, "model": "admin.logentry", "pk": 153}, {"fields": {"action_flag": 2, "action_time": "2014-10-15T08:58:09.774Z", "object_repr": "2 Reggio Marina", "object_id": "10", "change_message": "schede_nulle e schede_bianche modificato/a.", "user": 1, "content_type": 8}, "model": "admin.logentry", "pk": 154}, {"fields": {"action_flag": 2, "action_time": "2014-10-15T14:14:20.317Z", "object_repr": "2 Reggio Marina", "object_id": "10", "change_message": "Cambiato voti per voti candidato \"Chizzoniti Aurelio - 2 Reggio Marina\". Cambiato voti per voti lista \"Partito Democratico - 2 Reggio Marina\".", "user": 1, "content_type": 8}, "model": "admin.logentry", "pk": 155}, {"fields": {"action_flag": 1, "action_time": "2014-10-15T16:49:43.882Z", "object_repr": "TestDev2", "object_id": "5", "change_message": "", "user": 1, "content_type": 7}, "model": "admin.logentry", "pk": 156}, {"fields": {"action_flag": 2, "action_time": "2014-10-15T16:52:22.526Z", "object_repr": "TestDev2", "object_id": "5", "change_message": "Aggiunto/a candidato \"Torvalds Linus\". Aggiunto/a candidato \"Page Larry\". Aggiunto/a candidato \"Jobs Steve\". Aggiunto/a candidato \"Gates Bill\".", "user": 1, "content_type": 7}, "model": "admin.logentry", "pk": 157}, {"fields": {"action_flag": 2, "action_time": "2014-10-15T16:55:52.290Z", "object_repr": "TestDev2", "object_id": "5", "change_message": "Aggiunto/a sezione \"1 Europa\". Aggiunto/a sezione \"2 Asia\". Aggiunto/a sezione \"3 America\". Aggiunto/a sezione \"4 Africa\". Aggiunto/a sezione \"5 Oceania\".", "user": 1, "content_type": 7}, "model": "admin.logentry", "pk": 158}, {"fields": {"action_flag": 2, "action_time": "2014-10-15T16:57:17.534Z", "object_repr": "Torvalds Linus", "object_id": "39", "change_message": "Aggiunto/a lista \"UNIX\". Aggiunto/a lista \"LINUX\". Aggiunto/a lista \"Ubuntu\".", "user": 1, "content_type": 9}, "model": "admin.logentry", "pk": 159}, {"fields": {"action_flag": 2, "action_time": "2014-10-15T16:57:27.190Z", "object_repr": "Jobs Steve", "object_id": "41", "change_message": "Aggiunto/a lista \"Apple\".", "user": 1, "content_type": 9}, "model": "admin.logentry", "pk": 160}, {"fields": {"action_flag": 2, "action_time": "2014-10-15T16:57:49.989Z", "object_repr": "Page Larry", "object_id": "40", "change_message": "Aggiunto/a lista \"Google\". Aggiunto/a lista \"Android\".", "user": 1, "content_type": 9}, "model": "admin.logentry", "pk": 161}, {"fields": {"action_flag": 2, "action_time": "2014-10-15T16:58:09.303Z", "object_repr": "Gates Bill", "object_id": "42", "change_message": "Aggiunto/a lista \"Microsoft\".", "user": 1, "content_type": 9}, "model": "admin.logentry", "pk": 162}, {"fields": {"action_flag": 2, "action_time": "2014-10-15T17:32:20.526Z", "object_repr": "1 Europa", "object_id": "22", "change_message": "Cambiato voti per voti candidato \"Gates Bill - 1 Europa\". Cambiato voti per voti candidato \"Page Larry - 1 Europa\". Cambiato voti per voti candidato \"Torvalds Linus - 1 Europa\". Cambiato voti per voti candidato \"Jobs Steve - 1 Europa\". Cambiato voti per voti lista \"UNIX - 1 Europa\". Cambiato voti per voti lista \"LINUX - 1 Europa\". Cambiato voti per voti lista \"Ubuntu - 1 Europa\". Cambiato voti per voti lista \"Apple - 1 Europa\". Cambiato voti per voti lista \"Google - 1 Europa\". Cambiato voti per voti lista \"Android - 1 Europa\". Cambiato voti per voti lista \"Microsoft - 1 Europa\".", "user": 1, "content_type": 8}, "model": "admin.logentry", "pk": 163}, {"fields": {"action_flag": 2, "action_time": "2014-10-15T18:42:23.826Z", "object_repr": "3 America", "object_id": "24", "change_message": "schede_nulle e schede_bianche modificato/a. Cambiato voti per voti candidato \"Gates Bill - 3 America\". Cambiato voti per voti candidato \"Page Larry - 3 America\". Cambiato voti per voti candidato \"Torvalds Linus - 3 America\". Cambiato voti per voti candidato \"Jobs Steve - 3 America\". Cambiato voti per voti lista \"UNIX - 3 America\". Cambiato voti per voti lista \"LINUX - 3 America\". Cambiato voti per voti lista \"Ubuntu - 3 America\". Cambiato voti per voti lista \"Apple - 3 America\". Cambiato voti per voti lista \"Google - 3 America\". Cambiato voti per voti lista \"Android - 3 America\". Cambiato voti per voti lista \"Microsoft - 3 America\".", "user": 1, "content_type": 8}, "model": "admin.logentry", "pk": 164}, {"fields": {"action_flag": 2, "action_time": "2014-10-15T21:45:36.659Z", "object_repr": "3 America", "object_id": "24", "change_message": "schede_nulle e schede_bianche modificato/a. Cambiato voti per voti candidato \"Gates Bill - 3 America\". Cambiato voti per voti candidato \"Page Larry - 3 America\". Cambiato voti per voti candidato \"Torvalds Linus - 3 America\". Cambiato voti per voti candidato \"Jobs Steve - 3 America\".", "user": 1, "content_type": 8}, "model": "admin.logentry", "pk": 165}, {"fields": {"action_flag": 2, "action_time": "2014-10-15T21:45:55.806Z", "object_repr": "1 Europa", "object_id": "22", "change_message": "Cambiato voti per voti candidato \"Gates Bill - 1 Europa\". Cambiato voti per voti candidato \"Page Larry - 1 Europa\". Cambiato voti per voti candidato \"Torvalds Linus - 1 Europa\". Cambiato voti per voti candidato \"Jobs Steve - 1 Europa\".", "user": 1, "content_type": 8}, "model": "admin.logentry", "pk": 166}, {"fields": {"action_flag": 2, "action_time": "2014-10-15T21:46:16.718Z", "object_repr": "2 Asia", "object_id": "23", "change_message": "Cambiato voti per voti candidato \"Gates Bill - 2 Asia\". Cambiato voti per voti candidato \"Page Larry - 2 Asia\". Cambiato voti per voti candidato \"Torvalds Linus - 2 Asia\". Cambiato voti per voti candidato \"Jobs Steve - 2 Asia\".", "user": 1, "content_type": 8}, "model": "admin.logentry", "pk": 167}, {"fields": {"action_flag": 2, "action_time": "2014-10-15T21:46:32.750Z", "object_repr": "4 Africa", "object_id": "25", "change_message": "Cambiato voti per voti candidato \"Gates Bill - 4 Africa\". Cambiato voti per voti candidato \"Page Larry - 4 Africa\". Cambiato voti per voti candidato \"Torvalds Linus - 4 Africa\". Cambiato voti per voti candidato \"Jobs Steve - 4 Africa\".", "user": 1, "content_type": 8}, "model": "admin.logentry", "pk": 168}, {"fields": {"action_flag": 2, "action_time": "2014-10-15T21:46:56.967Z", "object_repr": "5 Oceania", "object_id": "26", "change_message": "schede_nulle e schede_bianche modificato/a. Cambiato voti per voti candidato \"Gates Bill - 5 Oceania\". Cambiato voti per voti candidato \"Page Larry - 5 Oceania\". Cambiato voti per voti candidato \"Torvalds Linus - 5 Oceania\". Cambiato voti per voti candidato \"Jobs Steve - 5 Oceania\".", "user": 1, "content_type": 8}, "model": "admin.logentry", "pk": 169}, {"fields": {"action_flag": 2, "action_time": "2014-10-16T09:57:27.884Z", "object_repr": "Elezioni Reggio Calabria 2014", "object_id": "1", "change_message": "Cambiato foto per candidato \"Siclari Giuseppe\".", "user": 1, "content_type": 7}, "model": "admin.logentry", "pk": 170}]